"test_id","phase","checklist_item","verdict","evidence","reason"
"00-001","Phase 0 — Test Governance & Baseline","Assign unique test-run ID","PASS","environment/20260821-094317-host_inventory.stdout; environment/20260821-094437-kernel_health_before.stdout","Covered by this campaign at the stated evidence scope."
"00-002","Phase 0 — Test Governance & Baseline","Record date/time and operator","PASS","environment/20260821-094317-host_inventory.stdout; environment/20260821-094437-kernel_health_before.stdout","Covered by this campaign at the stated evidence scope."
"00-003","Phase 0 — Test Governance & Baseline","Record ORCHESTRA-OS version/commit","PASS","environment/20260821-094317-host_inventory.stdout; environment/20260821-094437-kernel_health_before.stdout","Covered by this campaign at the stated evidence scope."
"00-004","Phase 0 — Test Governance & Baseline","Record Linux kernel version","PASS","environment/20260821-094317-host_inventory.stdout; environment/20260821-094437-kernel_health_before.stdout","Covered by this campaign at the stated evidence scope."
"00-005","Phase 0 — Test Governance & Baseline","Record compiler/toolchain version","PASS","environment/20260821-094317-host_inventory.stdout; environment/20260821-094437-kernel_health_before.stdout","Covered by this campaign at the stated evidence scope."
"00-006","Phase 0 — Test Governance & Baseline","Record kernel configuration","PASS","environment/20260821-094317-host_inventory.stdout; environment/20260821-094437-kernel_health_before.stdout","Covered by this campaign at the stated evidence scope."
"00-007","Phase 0 — Test Governance & Baseline","Record ORCHESTRA parameter configuration","INCONCLUSIVE","environment/20260821-094317-host_inventory.stdout; environment/20260821-094437-kernel_health_before.stdout","Partial evidence exists, but the exact checklist claim was not fully demonstrated."
"00-008","Phase 0 — Test Governance & Baseline","Record workload version/commit","PASS","environment/20260821-094317-host_inventory.stdout; environment/20260821-094437-kernel_health_before.stdout","Covered by this campaign at the stated evidence scope."
"00-009","Phase 0 — Test Governance & Baseline","Record random seed where applicable","INCONCLUSIVE","environment/20260821-094317-host_inventory.stdout; environment/20260821-094437-kernel_health_before.stdout","Partial evidence exists, but the exact checklist claim was not fully demonstrated."
"00-010","Phase 0 — Test Governance & Baseline","Record test duration and repetitions","PASS","environment/20260821-094317-host_inventory.stdout; environment/20260821-094437-kernel_health_before.stdout","Covered by this campaign at the stated evidence scope."
"00-011","Phase 0 — Test Governance & Baseline","Preserve raw logs, traces and workload results","PASS","environment/20260821-094317-host_inventory.stdout; environment/20260821-094437-kernel_health_before.stdout","Covered by this campaign at the stated evidence scope."
"00-012","Phase 0 — Test Governance & Baseline","Record CPU model, physical/logical CPUs, topology, NUMA, cache, RAM, storage, network, GPU if relevant, BIOS/UEFI, microcode","PASS","environment/20260821-094317-host_inventory.stdout; environment/20260821-094437-kernel_health_before.stdout","Covered by this campaign at the stated evidence scope."
"00-013","Phase 0 — Test Governance & Baseline","Verify machine boots normally","PASS","environment/20260821-094317-host_inventory.stdout; environment/20260821-094437-kernel_health_before.stdout","Covered by this campaign at the stated evidence scope."
"00-014","Phase 0 — Test Governance & Baseline","Check system/kernel logs for pre-existing errors","PASS","environment/20260821-094317-host_inventory.stdout; environment/20260821-094437-kernel_health_before.stdout","Covered by this campaign at the stated evidence scope."
"00-015","Phase 0 — Test Governance & Baseline","Check CPU temperature","PASS","environment/20260821-094317-host_inventory.stdout; environment/20260821-094437-kernel_health_before.stdout","Covered by this campaign at the stated evidence scope."
"00-016","Phase 0 — Test Governance & Baseline","Check memory/storage health","INCONCLUSIVE","environment/20260821-094317-host_inventory.stdout; environment/20260821-094437-kernel_health_before.stdout","Partial evidence exists, but the exact checklist claim was not fully demonstrated."
"00-017","Phase 0 — Test Governance & Baseline","Check networking","PASS","environment/20260821-094317-host_inventory.stdout; environment/20260821-094437-kernel_health_before.stdout","Covered by this campaign at the stated evidence scope."
"00-018","Phase 0 — Test Governance & Baseline","Check background workload","INCONCLUSIVE","environment/20260821-094317-host_inventory.stdout; environment/20260821-094437-kernel_health_before.stdout","Partial evidence exists, but the exact checklist claim was not fully demonstrated."
"00-019","Phase 0 — Test Governance & Baseline","Verify clock/time synchronization","INCONCLUSIVE","environment/20260821-094317-host_inventory.stdout; environment/20260821-094437-kernel_health_before.stdout","Partial evidence exists, but the exact checklist claim was not fully demonstrated."
"00-020","Phase 0 — Test Governance & Baseline","Run and record baseline Linux scheduler results: CPU utilization, memory, load, context switches, migrations, latency, throughput, cache behavior, I/O, network and thermal behavior","INCONCLUSIVE","environment/20260821-094317-host_inventory.stdout; environment/20260821-094437-kernel_health_before.stdout","Partial evidence exists, but the exact checklist claim was not fully demonstrated."
"00-021","Phase 0 — Test Governance & Baseline","Repeat baseline experiments and archive dataset","PASS","environment/20260821-094317-host_inventory.stdout; environment/20260821-094437-kernel_health_before.stdout","Covered by this campaign at the stated evidence scope."
"01-022","Phase 1 — Kernel Build & Installation","Verify ORCHESTRA source tree and intended kernel version","PASS","build/20260821-094646-make_test.stdout; kernel/20260821-094521-kernel_config_check.stdout","Covered by this campaign at the stated evidence scope."
"01-023","Phase 1 — Kernel Build & Installation","Verify required kernel options","PASS","build/20260821-094646-make_test.stdout; kernel/20260821-094521-kernel_config_check.stdout","Covered by this campaign at the stated evidence scope."
"01-024","Phase 1 — Kernel Build & Installation","Perform clean build","PASS","build/20260821-094646-make_test.stdout; kernel/20260821-094521-kernel_config_check.stdout","Covered by this campaign at the stated evidence scope."
"01-025","Phase 1 — Kernel Build & Installation","Review build warnings/errors","PASS","build/20260821-094646-make_test.stdout; kernel/20260821-094521-kernel_config_check.stdout","Covered by this campaign at the stated evidence scope."
"01-026","Phase 1 — Kernel Build & Installation","Generate kernel/modules","BLOCKED","build/20260821-094646-make_test.stdout; kernel/20260821-094521-kernel_config_check.stdout","Not executed: kernel installation/boot/reboot is outside this campaign safety authority; ACTION REQUIRES USER APPROVAL."
"01-027","Phase 1 — Kernel Build & Installation","Install kernel","BLOCKED","build/20260821-094646-make_test.stdout; kernel/20260821-094521-kernel_config_check.stdout","Not executed: kernel installation/boot/reboot is outside this campaign safety authority; ACTION REQUIRES USER APPROVAL."
"01-028","Phase 1 — Kernel Build & Installation","Verify bootloader entry","BLOCKED","build/20260821-094646-make_test.stdout; kernel/20260821-094521-kernel_config_check.stdout","Not executed: kernel installation/boot/reboot is outside this campaign safety authority; ACTION REQUIRES USER APPROVAL."
"01-029","Phase 1 — Kernel Build & Installation","Retain known-good fallback kernel","PASS","build/20260821-094646-make_test.stdout; kernel/20260821-094521-kernel_config_check.stdout","Covered by this campaign at the stated evidence scope."
"01-030","Phase 1 — Kernel Build & Installation","Boot ORCHESTRA kernel","BLOCKED","build/20260821-094646-make_test.stdout; kernel/20260821-094521-kernel_config_check.stdout","Not executed: kernel installation/boot/reboot is outside this campaign safety authority; ACTION REQUIRES USER APPROVAL."
"01-031","Phase 1 — Kernel Build & Installation","Confirm kernel/ORCHESTRA version","PASS","build/20260821-094646-make_test.stdout; kernel/20260821-094521-kernel_config_check.stdout","Covered by this campaign at the stated evidence scope."
"01-032","Phase 1 — Kernel Build & Installation","Confirm ORCHESTRA initialization","PASS","build/20260821-094646-make_test.stdout; kernel/20260821-094521-kernel_config_check.stdout","Covered by this campaign at the stated evidence scope."
"01-033","Phase 1 — Kernel Build & Installation","Check for kernel panic/oops/WARN","PASS","build/20260821-094646-make_test.stdout; kernel/20260821-094521-kernel_config_check.stdout","Covered by this campaign at the stated evidence scope."
"01-034","Phase 1 — Kernel Build & Installation","Confirm scheduler initialization","PASS","build/20260821-094646-make_test.stdout; kernel/20260821-094521-kernel_config_check.stdout","Covered by this campaign at the stated evidence scope."
"01-035","Phase 1 — Kernel Build & Installation","Confirm Signal Bus initialization","NOT IMPLEMENTED","build/20260821-094646-make_test.stdout; kernel/20260821-094521-kernel_config_check.stdout","The checked-out kernel prototype does not implement this capability; userspace or simulation evidence was not promoted."
"01-036","Phase 1 — Kernel Build & Installation","Confirm monitoring initialization","INCONCLUSIVE","build/20260821-094646-make_test.stdout; kernel/20260821-094521-kernel_config_check.stdout","Partial evidence exists, but the exact checklist claim was not fully demonstrated."
"01-037","Phase 1 — Kernel Build & Installation","Verify storage/network/user-space operation","PASS","build/20260821-094646-make_test.stdout; kernel/20260821-094521-kernel_config_check.stdout","Covered by this campaign at the stated evidence scope."
"01-038","Phase 1 — Kernel Build & Installation","Boot fallback kernel","BLOCKED","build/20260821-094646-make_test.stdout; kernel/20260821-094521-kernel_config_check.stdout","Not executed: kernel installation/boot/reboot is outside this campaign safety authority; ACTION REQUIRES USER APPROVAL."
"01-039","Phase 1 — Kernel Build & Installation","Verify fallback remains usable","BLOCKED","build/20260821-094646-make_test.stdout; kernel/20260821-094521-kernel_config_check.stdout","Not executed: kernel installation/boot/reboot is outside this campaign safety authority; ACTION REQUIRES USER APPROVAL."
"01-040","Phase 1 — Kernel Build & Installation","Verify ORCHESTRA failure cannot prevent recovery","PASS","build/20260821-094646-make_test.stdout; kernel/20260821-094521-kernel_config_check.stdout","Covered by this campaign at the stated evidence scope."
"01-041","Phase 1 — Kernel Build & Installation","Verify disable/reset procedure","PASS","build/20260821-094646-make_test.stdout; kernel/20260821-094521-kernel_config_check.stdout","Covered by this campaign at the stated evidence scope."
"02-042","Phase 2 — Linux Scheduler Integration","Verify scheduler initialization","PASS","scheduler/20260821-095704-scheduler_post_load2.stdout; workloads/20260821-095148-positive_status_run.stdout","Covered by this campaign at the stated evidence scope."
"02-043","Phase 2 — Linux Scheduler Integration","Verify run queues and scheduler domains","PASS","scheduler/20260821-095704-scheduler_post_load2.stdout; workloads/20260821-095148-positive_status_run.stdout","Covered by this campaign at the stated evidence scope."
"02-044","Phase 2 — Linux Scheduler Integration","Verify scheduler hooks","BLOCKED","scheduler/20260821-095704-scheduler_post_load2.stdout; workloads/20260821-095148-positive_status_run.stdout","Not executed after prerequisite/implementation/safety boundary; no claim made."
"02-045","Phase 2 — Linux Scheduler Integration","Verify existing scheduling classes remain functional","INCONCLUSIVE","scheduler/20260821-095704-scheduler_post_load2.stdout; workloads/20260821-095148-positive_status_run.stdout","Partial evidence exists, but the exact checklist claim was not fully demonstrated."
"02-046","Phase 2 — Linux Scheduler Integration","Test ORCHESTRA path for eligible task","PASS","scheduler/20260821-095704-scheduler_post_load2.stdout; workloads/20260821-095148-positive_status_run.stdout","Covered by this campaign at the stated evidence scope."
"02-047","Phase 2 — Linux Scheduler Integration","Verify ineligible task bypasses ORCHESTRA","PASS","scheduler/20260821-095704-scheduler_post_load2.stdout; workloads/20260821-095148-positive_status_run.stdout","Covered by this campaign at the stated evidence scope."
"02-048","Phase 2 — Linux Scheduler Integration","Verify scheduling decision is generated/applied","PASS","scheduler/20260821-095704-scheduler_post_load2.stdout; workloads/20260821-095148-positive_status_run.stdout","Covered by this campaign at the stated evidence scope."
"02-049","Phase 2 — Linux Scheduler Integration","Test RUN","PASS","scheduler/20260821-095704-scheduler_post_load2.stdout; workloads/20260821-095148-positive_status_run.stdout","Covered by this campaign at the stated evidence scope."
"02-050","Phase 2 — Linux Scheduler Integration","Test SLEEP","INCONCLUSIVE","workloads/20260821-095327-sleep_valid_timeline.stdout","Partial evidence exists, but the exact checklist claim was not fully demonstrated."
"02-051","Phase 2 — Linux Scheduler Integration","Test MIGRATE","PASS","workloads/20260821-095235-migrate_observe_3_retry.stdout","Covered by this campaign at the stated evidence scope."
"02-052","Phase 2 — Linux Scheduler Integration","Test THROTTLE","PASS","workloads/20260821-095429-throttle_timeline.stdout","Covered by this campaign at the stated evidence scope."
"02-053","Phase 2 — Linux Scheduler Integration","Test YIELD","PASS","workloads/20260821-095203-positive_status_yield.stdout","Covered by this campaign at the stated evidence scope."
"02-054","Phase 2 — Linux Scheduler Integration","Test invalid action handling","PASS","scheduler/20260821-095704-scheduler_post_load2.stdout; workloads/20260821-095148-positive_status_run.stdout","Covered by this campaign at the stated evidence scope."
"02-055","Phase 2 — Linux Scheduler Integration","Test normal Linux tasks","PASS","scheduler/20260821-095704-scheduler_post_load2.stdout; workloads/20260821-095148-positive_status_run.stdout","Covered by this campaign at the stated evidence scope."
"02-056","Phase 2 — Linux Scheduler Integration","Test ORCHESTRA tasks","PASS","scheduler/20260821-095704-scheduler_post_load2.stdout; workloads/20260821-095148-positive_status_run.stdout","Covered by this campaign at the stated evidence scope."
"02-057","Phase 2 — Linux Scheduler Integration","Test mixed scheduling classes","BLOCKED","scheduler/20260821-095704-scheduler_post_load2.stdout; workloads/20260821-095148-positive_status_run.stdout","Not executed after prerequisite/implementation/safety boundary; no claim made."
"02-058","Phase 2 — Linux Scheduler Integration","Test task migration","PASS","scheduler/20260821-095704-scheduler_post_load2.stdout; workloads/20260821-095148-positive_status_run.stdout","Covered by this campaign at the stated evidence scope."
"02-059","Phase 2 — Linux Scheduler Integration","Test preemption","BLOCKED","scheduler/20260821-095704-scheduler_post_load2.stdout; workloads/20260821-095148-positive_status_run.stdout","Not executed after prerequisite/implementation/safety boundary; no claim made."
"02-060","Phase 2 — Linux Scheduler Integration","Test wake-up","BLOCKED","scheduler/20260821-095704-scheduler_post_load2.stdout; workloads/20260821-095148-positive_status_run.stdout","Not executed after prerequisite/implementation/safety boundary; no claim made."
"02-061","Phase 2 — Linux Scheduler Integration","Test CPU affinity","PASS","scheduler/20260821-095704-scheduler_post_load2.stdout; workloads/20260821-095148-positive_status_run.stdout","Covered by this campaign at the stated evidence scope."
"02-062","Phase 2 — Linux Scheduler Integration","Test load balancing","BLOCKED","scheduler/20260821-095704-scheduler_post_load2.stdout; workloads/20260821-095148-positive_status_run.stdout","Not executed after prerequisite/implementation/safety boundary; no claim made."
"03-063","Phase 3 — Hybrid Safety / Real-Time","Create SCHED_FIFO task and verify conventional deterministic scheduling","BLOCKED","ORCHESTRA_Real_Machine_Validation_2026-08-21_100242.md; FINDINGS.md","Not executed: safe ownership-validating infrastructure, exact feature implementation, or required tool was unavailable."
"03-064","Phase 3 — Hybrid Safety / Real-Time","Create SCHED_RR task and verify conventional deterministic scheduling","BLOCKED","ORCHESTRA_Real_Machine_Validation_2026-08-21_100242.md; FINDINGS.md","Not executed: safe ownership-validating infrastructure, exact feature implementation, or required tool was unavailable."
"03-065","Phase 3 — Hybrid Safety / Real-Time","Verify ORCHESTRA does not override RT tasks","BLOCKED","ORCHESTRA_Real_Machine_Validation_2026-08-21_100242.md; FINDINGS.md","Not executed: safe ownership-validating infrastructure, exact feature implementation, or required tool was unavailable."
"03-066","Phase 3 — Hybrid Safety / Real-Time","Verify RT priority behavior","BLOCKED","ORCHESTRA_Real_Machine_Validation_2026-08-21_100242.md; FINDINGS.md","Not executed: safe ownership-validating infrastructure, exact feature implementation, or required tool was unavailable."
"03-067","Phase 3 — Hybrid Safety / Real-Time","Verify RT response behavior","BLOCKED","ORCHESTRA_Real_Machine_Validation_2026-08-21_100242.md; FINDINGS.md","Not executed: safe ownership-validating infrastructure, exact feature implementation, or required tool was unavailable."
"03-068","Phase 3 — Hybrid Safety / Real-Time","Run RT + ORCHESTRA CPU-bound workload","BLOCKED","ORCHESTRA_Real_Machine_Validation_2026-08-21_100242.md; FINDINGS.md","Not executed: safe ownership-validating infrastructure, exact feature implementation, or required tool was unavailable."
"03-069","Phase 3 — Hybrid Safety / Real-Time","Run RT + memory workload","BLOCKED","ORCHESTRA_Real_Machine_Validation_2026-08-21_100242.md; FINDINGS.md","Not executed: safe ownership-validating infrastructure, exact feature implementation, or required tool was unavailable."
"03-070","Phase 3 — Hybrid Safety / Real-Time","Run RT + I/O workload","BLOCKED","ORCHESTRA_Real_Machine_Validation_2026-08-21_100242.md; FINDINGS.md","Not executed: safe ownership-validating infrastructure, exact feature implementation, or required tool was unavailable."
"03-071","Phase 3 — Hybrid Safety / Real-Time","Run RT + network workload","BLOCKED","ORCHESTRA_Real_Machine_Validation_2026-08-21_100242.md; FINDINGS.md","Not executed: safe ownership-validating infrastructure, exact feature implementation, or required tool was unavailable."
"03-072","Phase 3 — Hybrid Safety / Real-Time","Check priority inversion","BLOCKED","ORCHESTRA_Real_Machine_Validation_2026-08-21_100242.md; FINDINGS.md","Not executed: safe ownership-validating infrastructure, exact feature implementation, or required tool was unavailable."
"03-073","Phase 3 — Hybrid Safety / Real-Time","Check starvation","BLOCKED","ORCHESTRA_Real_Machine_Validation_2026-08-21_100242.md; FINDINGS.md","Not executed: safe ownership-validating infrastructure, exact feature implementation, or required tool was unavailable."
"03-074","Phase 3 — Hybrid Safety / Real-Time","Check deadlock","BLOCKED","ORCHESTRA_Real_Machine_Validation_2026-08-21_100242.md; FINDINGS.md","Not executed: safe ownership-validating infrastructure, exact feature implementation, or required tool was unavailable."
"03-075","Phase 3 — Hybrid Safety / Real-Time","Check system responsiveness","BLOCKED","ORCHESTRA_Real_Machine_Validation_2026-08-21_100242.md; FINDINGS.md","Not executed: safe ownership-validating infrastructure, exact feature implementation, or required tool was unavailable."
"04-076","Phase 4 — Signal Bus","Verify CPU utilization acquisition","NOT IMPLEMENTED","ORCHESTRA_Real_Machine_Validation_2026-08-21_100242.md; FINDINGS.md","The checked-out kernel prototype does not implement this capability; userspace or simulation evidence was not promoted."
"04-077","Phase 4 — Signal Bus","Verify memory-pressure acquisition","NOT IMPLEMENTED","ORCHESTRA_Real_Machine_Validation_2026-08-21_100242.md; FINDINGS.md","The checked-out kernel prototype does not implement this capability; userspace or simulation evidence was not promoted."
"04-078","Phase 4 — Signal Bus","Verify cache-behavior acquisition","NOT IMPLEMENTED","ORCHESTRA_Real_Machine_Validation_2026-08-21_100242.md; FINDINGS.md","The checked-out kernel prototype does not implement this capability; userspace or simulation evidence was not promoted."
"04-079","Phase 4 — Signal Bus","Verify thermal-state acquisition","NOT IMPLEMENTED","ORCHESTRA_Real_Machine_Validation_2026-08-21_100242.md; FINDINGS.md","The checked-out kernel prototype does not implement this capability; userspace or simulation evidence was not promoted."
"04-080","Phase 4 — Signal Bus","Verify I/O activity acquisition","NOT IMPLEMENTED","ORCHESTRA_Real_Machine_Validation_2026-08-21_100242.md; FINDINGS.md","The checked-out kernel prototype does not implement this capability; userspace or simulation evidence was not promoted."
"04-081","Phase 4 — Signal Bus","Verify network-utilization acquisition","NOT IMPLEMENTED","ORCHESTRA_Real_Machine_Validation_2026-08-21_100242.md; FINDINGS.md","The checked-out kernel prototype does not implement this capability; userspace or simulation evidence was not promoted."
"04-082","Phase 4 — Signal Bus","Verify scheduler-queue statistics","NOT IMPLEMENTED","ORCHESTRA_Real_Machine_Validation_2026-08-21_100242.md; FINDINGS.md","The checked-out kernel prototype does not implement this capability; userspace or simulation evidence was not promoted."
"04-083","Phase 4 — Signal Bus","Verify signal frame generation","NOT IMPLEMENTED","ORCHESTRA_Real_Machine_Validation_2026-08-21_100242.md; FINDINGS.md","The checked-out kernel prototype does not implement this capability; userspace or simulation evidence was not promoted."
"04-084","Phase 4 — Signal Bus","Verify timestamp","NOT IMPLEMENTED","ORCHESTRA_Real_Machine_Validation_2026-08-21_100242.md; FINDINGS.md","The checked-out kernel prototype does not implement this capability; userspace or simulation evidence was not promoted."
"04-085","Phase 4 — Signal Bus","Verify sequence number","NOT IMPLEMENTED","ORCHESTRA_Real_Machine_Validation_2026-08-21_100242.md; FINDINGS.md","The checked-out kernel prototype does not implement this capability; userspace or simulation evidence was not promoted."
"04-086","Phase 4 — Signal Bus","Verify raw measurements","NOT IMPLEMENTED","ORCHESTRA_Real_Machine_Validation_2026-08-21_100242.md; FINDINGS.md","The checked-out kernel prototype does not implement this capability; userspace or simulation evidence was not promoted."
"04-087","Phase 4 — Signal Bus","Verify predicted values","NOT IMPLEMENTED","ORCHESTRA_Real_Machine_Validation_2026-08-21_100242.md; FINDINGS.md","The checked-out kernel prototype does not implement this capability; userspace or simulation evidence was not promoted."
"04-088","Phase 4 — Signal Bus","Verify confidence","NOT IMPLEMENTED","ORCHESTRA_Real_Machine_Validation_2026-08-21_100242.md; FINDINGS.md","The checked-out kernel prototype does not implement this capability; userspace or simulation evidence was not promoted."
"04-089","Phase 4 — Signal Bus","Verify directive","NOT IMPLEMENTED","ORCHESTRA_Real_Machine_Validation_2026-08-21_100242.md; FINDINGS.md","The checked-out kernel prototype does not implement this capability; userspace or simulation evidence was not promoted."
"04-090","Phase 4 — Signal Bus","Verify metadata/version","NOT IMPLEMENTED","ORCHESTRA_Real_Machine_Validation_2026-08-21_100242.md; FINDINGS.md","The checked-out kernel prototype does not implement this capability; userspace or simulation evidence was not promoted."
"04-091","Phase 4 — Signal Bus","Measure signal update frequency and latency","NOT IMPLEMENTED","ORCHESTRA_Real_Machine_Validation_2026-08-21_100242.md; FINDINGS.md","The checked-out kernel prototype does not implement this capability; userspace or simulation evidence was not promoted."
"04-092","Phase 4 — Signal Bus","Verify publication/replacement/expiry","NOT IMPLEMENTED","ORCHESTRA_Real_Machine_Validation_2026-08-21_100242.md; FINDINGS.md","The checked-out kernel prototype does not implement this capability; userspace or simulation evidence was not promoted."
"04-093","Phase 4 — Signal Bus","Check lost/duplicate/inconsistent updates","NOT IMPLEMENTED","ORCHESTRA_Real_Machine_Validation_2026-08-21_100242.md; FINDINGS.md","The checked-out kernel prototype does not implement this capability; userspace or simulation evidence was not promoted."
"04-094","Phase 4 — Signal Bus","Verify read-only shared-memory access","NOT IMPLEMENTED","ORCHESTRA_Real_Machine_Validation_2026-08-21_100242.md; FINDINGS.md","The checked-out kernel prototype does not implement this capability; userspace or simulation evidence was not promoted."
"04-095","Phase 4 — Signal Bus","Verify unauthorized write fails","NOT IMPLEMENTED","ORCHESTRA_Real_Machine_Validation_2026-08-21_100242.md; FINDINGS.md","The checked-out kernel prototype does not implement this capability; userspace or simulation evidence was not promoted."
"04-096","Phase 4 — Signal Bus","Test concurrent readers","NOT IMPLEMENTED","ORCHESTRA_Real_Machine_Validation_2026-08-21_100242.md; FINDINGS.md","The checked-out kernel prototype does not implement this capability; userspace or simulation evidence was not promoted."
"04-097","Phase 4 — Signal Bus","Test multi-CPU reads","NOT IMPLEMENTED","ORCHESTRA_Real_Machine_Validation_2026-08-21_100242.md; FINDINGS.md","The checked-out kernel prototype does not implement this capability; userspace or simulation evidence was not promoted."
"04-098","Phase 4 — Signal Bus","Check corruption/cache contention","NOT IMPLEMENTED","ORCHESTRA_Real_Machine_Validation_2026-08-21_100242.md; FINDINGS.md","The checked-out kernel prototype does not implement this capability; userspace or simulation evidence was not promoted."
"04-099","Phase 4 — Signal Bus","Test mapping/unmapping and cleanup","NOT IMPLEMENTED","ORCHESTRA_Real_Machine_Validation_2026-08-21_100242.md; FINDINGS.md","The checked-out kernel prototype does not implement this capability; userspace or simulation evidence was not promoted."
"04-100","Phase 4 — Signal Bus","Test multi-core signal consistency, sequence numbers, timestamps and synchronization latency","NOT IMPLEMENTED","ORCHESTRA_Real_Machine_Validation_2026-08-21_100242.md; FINDINGS.md","The checked-out kernel prototype does not implement this capability; userspace or simulation evidence was not promoted."
"05-101","Phase 5 — Signal Integrity & Fault Injection","Valid signal accepted","NOT IMPLEMENTED","ORCHESTRA_Real_Machine_Validation_2026-08-21_100242.md; FINDINGS.md","The checked-out kernel prototype does not implement this capability; userspace or simulation evidence was not promoted."
"05-102","Phase 5 — Signal Integrity & Fault Injection","Modified signal rejected","NOT IMPLEMENTED","ORCHESTRA_Real_Machine_Validation_2026-08-21_100242.md; FINDINGS.md","The checked-out kernel prototype does not implement this capability; userspace or simulation evidence was not promoted."
"05-103","Phase 5 — Signal Integrity & Fault Injection","Invalid authentication rejected","NOT IMPLEMENTED","ORCHESTRA_Real_Machine_Validation_2026-08-21_100242.md; FINDINGS.md","The checked-out kernel prototype does not implement this capability; userspace or simulation evidence was not promoted."
"05-104","Phase 5 — Signal Integrity & Fault Injection","Wrong key rejected","NOT IMPLEMENTED","ORCHESTRA_Real_Machine_Validation_2026-08-21_100242.md; FINDINGS.md","The checked-out kernel prototype does not implement this capability; userspace or simulation evidence was not promoted."
"05-105","Phase 5 — Signal Integrity & Fault Injection","Corrupt frame rejected","NOT IMPLEMENTED","ORCHESTRA_Real_Machine_Validation_2026-08-21_100242.md; FINDINGS.md","The checked-out kernel prototype does not implement this capability; userspace or simulation evidence was not promoted."
"05-106","Phase 5 — Signal Integrity & Fault Injection","Incomplete frame rejected","NOT IMPLEMENTED","ORCHESTRA_Real_Machine_Validation_2026-08-21_100242.md; FINDINGS.md","The checked-out kernel prototype does not implement this capability; userspace or simulation evidence was not promoted."
"05-107","Phase 5 — Signal Integrity & Fault Injection","Duplicate frame handled","NOT IMPLEMENTED","ORCHESTRA_Real_Machine_Validation_2026-08-21_100242.md; FINDINGS.md","The checked-out kernel prototype does not implement this capability; userspace or simulation evidence was not promoted."
"05-108","Phase 5 — Signal Integrity & Fault Injection","Old/stale frame rejected","NOT IMPLEMENTED","ORCHESTRA_Real_Machine_Validation_2026-08-21_100242.md; FINDINGS.md","The checked-out kernel prototype does not implement this capability; userspace or simulation evidence was not promoted."
"05-109","Phase 5 — Signal Integrity & Fault Injection","Out-of-order frame handled","NOT IMPLEMENTED","ORCHESTRA_Real_Machine_Validation_2026-08-21_100242.md; FINDINGS.md","The checked-out kernel prototype does not implement this capability; userspace or simulation evidence was not promoted."
"05-110","Phase 5 — Signal Integrity & Fault Injection","Invalid sequence rejected","NOT IMPLEMENTED","ORCHESTRA_Real_Machine_Validation_2026-08-21_100242.md; FINDINGS.md","The checked-out kernel prototype does not implement this capability; userspace or simulation evidence was not promoted."
"05-111","Phase 5 — Signal Integrity & Fault Injection","Stop signal producer","NOT IMPLEMENTED","ORCHESTRA_Real_Machine_Validation_2026-08-21_100242.md; FINDINGS.md","The checked-out kernel prototype does not implement this capability; userspace or simulation evidence was not promoted."
"05-112","Phase 5 — Signal Integrity & Fault Injection","Stop signal consumer","NOT IMPLEMENTED","ORCHESTRA_Real_Machine_Validation_2026-08-21_100242.md; FINDINGS.md","The checked-out kernel prototype does not implement this capability; userspace or simulation evidence was not promoted."
"05-113","Phase 5 — Signal Integrity & Fault Injection","Delay signal","NOT IMPLEMENTED","ORCHESTRA_Real_Machine_Validation_2026-08-21_100242.md; FINDINGS.md","The checked-out kernel prototype does not implement this capability; userspace or simulation evidence was not promoted."
"05-114","Phase 5 — Signal Integrity & Fault Injection","Interrupt publication","NOT IMPLEMENTED","ORCHESTRA_Real_Machine_Validation_2026-08-21_100242.md; FINDINGS.md","The checked-out kernel prototype does not implement this capability; userspace or simulation evidence was not promoted."
"05-115","Phase 5 — Signal Integrity & Fault Injection","Temporarily remove signal availability","NOT IMPLEMENTED","ORCHESTRA_Real_Machine_Validation_2026-08-21_100242.md; FINDINGS.md","The checked-out kernel prototype does not implement this capability; userspace or simulation evidence was not promoted."
"05-116","Phase 5 — Signal Integrity & Fault Injection","Restart/recover Signal Bus","NOT IMPLEMENTED","ORCHESTRA_Real_Machine_Validation_2026-08-21_100242.md; FINDINGS.md","The checked-out kernel prototype does not implement this capability; userspace or simulation evidence was not promoted."
"05-117","Phase 5 — Signal Integrity & Fault Injection","Verify safe scheduler fallback","NOT IMPLEMENTED","ORCHESTRA_Real_Machine_Validation_2026-08-21_100242.md; FINDINGS.md","The checked-out kernel prototype does not implement this capability; userspace or simulation evidence was not promoted."
"05-118","Phase 5 — Signal Integrity & Fault Injection","Verify recovery after valid signals resume","NOT IMPLEMENTED","ORCHESTRA_Real_Machine_Validation_2026-08-21_100242.md; FINDINGS.md","The checked-out kernel prototype does not implement this capability; userspace or simulation evidence was not promoted."
"06-119","Phase 6 — Predictive Scheduling Engine","Verify predictor initialization","NOT IMPLEMENTED","ORCHESTRA_Real_Machine_Validation_2026-08-21_100242.md; FINDINGS.md","The checked-out kernel prototype does not implement this capability; userspace or simulation evidence was not promoted."
"06-120","Phase 6 — Predictive Scheduling Engine","Verify historical samples","NOT IMPLEMENTED","ORCHESTRA_Real_Machine_Validation_2026-08-21_100242.md; FINDINGS.md","The checked-out kernel prototype does not implement this capability; userspace or simulation evidence was not promoted."
"06-121","Phase 6 — Predictive Scheduling Engine","Generate prediction","NOT IMPLEMENTED","ORCHESTRA_Real_Machine_Validation_2026-08-21_100242.md; FINDINGS.md","The checked-out kernel prototype does not implement this capability; userspace or simulation evidence was not promoted."
"06-122","Phase 6 — Predictive Scheduling Engine","Verify prediction timestamp/horizon","NOT IMPLEMENTED","ORCHESTRA_Real_Machine_Validation_2026-08-21_100242.md; FINDINGS.md","The checked-out kernel prototype does not implement this capability; userspace or simulation evidence was not promoted."
"06-123","Phase 6 — Predictive Scheduling Engine","Verify scheduler consumes prediction","NOT IMPLEMENTED","ORCHESTRA_Real_Machine_Validation_2026-08-21_100242.md; FINDINGS.md","The checked-out kernel prototype does not implement this capability; userspace or simulation evidence was not promoted."
"06-124","Phase 6 — Predictive Scheduling Engine","Verify prediction expiry/replacement","NOT IMPLEMENTED","ORCHESTRA_Real_Machine_Validation_2026-08-21_100242.md; FINDINGS.md","The checked-out kernel prototype does not implement this capability; userspace or simulation evidence was not promoted."
"06-125","Phase 6 — Predictive Scheduling Engine","Test stable CPU load","NOT IMPLEMENTED","ORCHESTRA_Real_Machine_Validation_2026-08-21_100242.md; FINDINGS.md","The checked-out kernel prototype does not implement this capability; userspace or simulation evidence was not promoted."
"06-126","Phase 6 — Predictive Scheduling Engine","Increasing load","NOT IMPLEMENTED","ORCHESTRA_Real_Machine_Validation_2026-08-21_100242.md; FINDINGS.md","The checked-out kernel prototype does not implement this capability; userspace or simulation evidence was not promoted."
"06-127","Phase 6 — Predictive Scheduling Engine","Decreasing load","NOT IMPLEMENTED","ORCHESTRA_Real_Machine_Validation_2026-08-21_100242.md; FINDINGS.md","The checked-out kernel prototype does not implement this capability; userspace or simulation evidence was not promoted."
"06-128","Phase 6 — Predictive Scheduling Engine","Periodic load","NOT IMPLEMENTED","ORCHESTRA_Real_Machine_Validation_2026-08-21_100242.md; FINDINGS.md","The checked-out kernel prototype does not implement this capability; userspace or simulation evidence was not promoted."
"06-129","Phase 6 — Predictive Scheduling Engine","Sudden CPU spike/drop","NOT IMPLEMENTED","ORCHESTRA_Real_Machine_Validation_2026-08-21_100242.md; FINDINGS.md","The checked-out kernel prototype does not implement this capability; userspace or simulation evidence was not promoted."
"06-130","Phase 6 — Predictive Scheduling Engine","Memory pressure","NOT IMPLEMENTED","ORCHESTRA_Real_Machine_Validation_2026-08-21_100242.md; FINDINGS.md","The checked-out kernel prototype does not implement this capability; userspace or simulation evidence was not promoted."
"06-131","Phase 6 — Predictive Scheduling Engine","I/O burst","NOT IMPLEMENTED","ORCHESTRA_Real_Machine_Validation_2026-08-21_100242.md; FINDINGS.md","The checked-out kernel prototype does not implement this capability; userspace or simulation evidence was not promoted."
"06-132","Phase 6 — Predictive Scheduling Engine","Network burst","NOT IMPLEMENTED","ORCHESTRA_Real_Machine_Validation_2026-08-21_100242.md; FINDINGS.md","The checked-out kernel prototype does not implement this capability; userspace or simulation evidence was not promoted."
"06-133","Phase 6 — Predictive Scheduling Engine","Mixed workload","NOT IMPLEMENTED","ORCHESTRA_Real_Machine_Validation_2026-08-21_100242.md; FINDINGS.md","The checked-out kernel prototype does not implement this capability; userspace or simulation evidence was not promoted."
"06-134","Phase 6 — Predictive Scheduling Engine","Record MAE","NOT IMPLEMENTED","ORCHESTRA_Real_Machine_Validation_2026-08-21_100242.md; FINDINGS.md","The checked-out kernel prototype does not implement this capability; userspace or simulation evidence was not promoted."
"06-135","Phase 6 — Predictive Scheduling Engine","Record MSE/RMSE","NOT IMPLEMENTED","ORCHESTRA_Real_Machine_Validation_2026-08-21_100242.md; FINDINGS.md","The checked-out kernel prototype does not implement this capability; userspace or simulation evidence was not promoted."
"06-136","Phase 6 — Predictive Scheduling Engine","Record forecast bias","NOT IMPLEMENTED","ORCHESTRA_Real_Machine_Validation_2026-08-21_100242.md; FINDINGS.md","The checked-out kernel prototype does not implement this capability; userspace or simulation evidence was not promoted."
"06-137","Phase 6 — Predictive Scheduling Engine","Record prediction latency","NOT IMPLEMENTED","ORCHESTRA_Real_Machine_Validation_2026-08-21_100242.md; FINDINGS.md","The checked-out kernel prototype does not implement this capability; userspace or simulation evidence was not promoted."
"06-138","Phase 6 — Predictive Scheduling Engine","Record confidence","NOT IMPLEMENTED","ORCHESTRA_Real_Machine_Validation_2026-08-21_100242.md; FINDINGS.md","The checked-out kernel prototype does not implement this capability; userspace or simulation evidence was not promoted."
"06-139","Phase 6 — Predictive Scheduling Engine","Record prediction error distribution","NOT IMPLEMENTED","ORCHESTRA_Real_Machine_Validation_2026-08-21_100242.md; FINDINGS.md","The checked-out kernel prototype does not implement this capability; userspace or simulation evidence was not promoted."
"06-140","Phase 6 — Predictive Scheduling Engine","Test high-confidence prediction","NOT IMPLEMENTED","ORCHESTRA_Real_Machine_Validation_2026-08-21_100242.md; FINDINGS.md","The checked-out kernel prototype does not implement this capability; userspace or simulation evidence was not promoted."
"06-141","Phase 6 — Predictive Scheduling Engine","Test low-confidence prediction","NOT IMPLEMENTED","ORCHESTRA_Real_Machine_Validation_2026-08-21_100242.md; FINDINGS.md","The checked-out kernel prototype does not implement this capability; userspace or simulation evidence was not promoted."
"06-142","Phase 6 — Predictive Scheduling Engine","Verify observed-state fallback","NOT IMPLEMENTED","ORCHESTRA_Real_Machine_Validation_2026-08-21_100242.md; FINDINGS.md","The checked-out kernel prototype does not implement this capability; userspace or simulation evidence was not promoted."
"06-143","Phase 6 — Predictive Scheduling Engine","Verify predictor failure does not crash scheduler","NOT IMPLEMENTED","ORCHESTRA_Real_Machine_Validation_2026-08-21_100242.md; FINDINGS.md","The checked-out kernel prototype does not implement this capability; userspace or simulation evidence was not promoted."
"06-144","Phase 6 — Predictive Scheduling Engine","Verify recovery","NOT IMPLEMENTED","ORCHESTRA_Real_Machine_Validation_2026-08-21_100242.md; FINDINGS.md","The checked-out kernel prototype does not implement this capability; userspace or simulation evidence was not promoted."
"07-145","Phase 7 — Adaptive Response Function","Verify state construction from CPU, memory, thermal, queue and predicted state","NOT IMPLEMENTED","ORCHESTRA_Real_Machine_Validation_2026-08-21_100242.md; FINDINGS.md","The checked-out kernel prototype does not implement this capability; userspace or simulation evidence was not promoted."
"07-146","Phase 7 — Adaptive Response Function","Test RUN decision","NOT IMPLEMENTED","ORCHESTRA_Real_Machine_Validation_2026-08-21_100242.md; FINDINGS.md","The checked-out kernel prototype does not implement this capability; userspace or simulation evidence was not promoted."
"07-147","Phase 7 — Adaptive Response Function","Test SLEEP decision","NOT IMPLEMENTED","ORCHESTRA_Real_Machine_Validation_2026-08-21_100242.md; FINDINGS.md","The checked-out kernel prototype does not implement this capability; userspace or simulation evidence was not promoted."
"07-148","Phase 7 — Adaptive Response Function","Test MIGRATE decision","NOT IMPLEMENTED","ORCHESTRA_Real_Machine_Validation_2026-08-21_100242.md; FINDINGS.md","The checked-out kernel prototype does not implement this capability; userspace or simulation evidence was not promoted."
"07-149","Phase 7 — Adaptive Response Function","Test THROTTLE decision","NOT IMPLEMENTED","ORCHESTRA_Real_Machine_Validation_2026-08-21_100242.md; FINDINGS.md","The checked-out kernel prototype does not implement this capability; userspace or simulation evidence was not promoted."
"07-150","Phase 7 — Adaptive Response Function","Test YIELD decision","NOT IMPLEMENTED","ORCHESTRA_Real_Machine_Validation_2026-08-21_100242.md; FINDINGS.md","The checked-out kernel prototype does not implement this capability; userspace or simulation evidence was not promoted."
"07-151","Phase 7 — Adaptive Response Function","Test invalid/missing state handling","NOT IMPLEMENTED","ORCHESTRA_Real_Machine_Validation_2026-08-21_100242.md; FINDINGS.md","The checked-out kernel prototype does not implement this capability; userspace or simulation evidence was not promoted."
"07-152","Phase 7 — Adaptive Response Function","Verify policy initialization/update","NOT IMPLEMENTED","ORCHESTRA_Real_Machine_Validation_2026-08-21_100242.md; FINDINGS.md","The checked-out kernel prototype does not implement this capability; userspace or simulation evidence was not promoted."
"07-153","Phase 7 — Adaptive Response Function","Verify reward generation","NOT IMPLEMENTED","ORCHESTRA_Real_Machine_Validation_2026-08-21_100242.md; FINDINGS.md","The checked-out kernel prototype does not implement this capability; userspace or simulation evidence was not promoted."
"07-154","Phase 7 — Adaptive Response Function","Check policy stability","NOT IMPLEMENTED","ORCHESTRA_Real_Machine_Validation_2026-08-21_100242.md; FINDINGS.md","The checked-out kernel prototype does not implement this capability; userspace or simulation evidence was not promoted."
"07-155","Phase 7 — Adaptive Response Function","Bound exploration","NOT IMPLEMENTED","ORCHESTRA_Real_Machine_Validation_2026-08-21_100242.md; FINDINGS.md","The checked-out kernel prototype does not implement this capability; userspace or simulation evidence was not promoted."
"07-156","Phase 7 — Adaptive Response Function","Record adaptation frequency","NOT IMPLEMENTED","ORCHESTRA_Real_Machine_Validation_2026-08-21_100242.md; FINDINGS.md","The checked-out kernel prototype does not implement this capability; userspace or simulation evidence was not promoted."
"07-157","Phase 7 — Adaptive Response Function","Test policy reset/suspension/recovery","NOT IMPLEMENTED","ORCHESTRA_Real_Machine_Validation_2026-08-21_100242.md; FINDINGS.md","The checked-out kernel prototype does not implement this capability; userspace or simulation evidence was not promoted."
"07-158","Phase 7 — Adaptive Response Function","Test synchronized migrations","NOT IMPLEMENTED","ORCHESTRA_Real_Machine_Validation_2026-08-21_100242.md; FINDINGS.md","The checked-out kernel prototype does not implement this capability; userspace or simulation evidence was not promoted."
"07-159","Phase 7 — Adaptive Response Function","wake-ups","NOT IMPLEMENTED","ORCHESTRA_Real_Machine_Validation_2026-08-21_100242.md; FINDINGS.md","The checked-out kernel prototype does not implement this capability; userspace or simulation evidence was not promoted."
"07-160","Phase 7 — Adaptive Response Function","sleep","NOT IMPLEMENTED","ORCHESTRA_Real_Machine_Validation_2026-08-21_100242.md; FINDINGS.md","The checked-out kernel prototype does not implement this capability; userspace or simulation evidence was not promoted."
"07-161","Phase 7 — Adaptive Response Function","throttling","NOT IMPLEMENTED","ORCHESTRA_Real_Machine_Validation_2026-08-21_100242.md; FINDINGS.md","The checked-out kernel prototype does not implement this capability; userspace or simulation evidence was not promoted."
"07-162","Phase 7 — Adaptive Response Function","collective oscillation","NOT IMPLEMENTED","ORCHESTRA_Real_Machine_Validation_2026-08-21_100242.md; FINDINGS.md","The checked-out kernel prototype does not implement this capability; userspace or simulation evidence was not promoted."
"07-163","Phase 7 — Adaptive Response Function","mass switching","NOT IMPLEMENTED","ORCHESTRA_Real_Machine_Validation_2026-08-21_100242.md; FINDINGS.md","The checked-out kernel prototype does not implement this capability; userspace or simulation evidence was not promoted."
"07-164","Phase 7 — Adaptive Response Function","CPU hot-spot formation","NOT IMPLEMENTED","ORCHESTRA_Real_Machine_Validation_2026-08-21_100242.md; FINDINGS.md","The checked-out kernel prototype does not implement this capability; userspace or simulation evidence was not promoted."
"07-165","Phase 7 — Adaptive Response Function","load oscillation","NOT IMPLEMENTED","ORCHESTRA_Real_Machine_Validation_2026-08-21_100242.md; FINDINGS.md","The checked-out kernel prototype does not implement this capability; userspace or simulation evidence was not promoted."
"08-166","Phase 8 — Coordination Index (S1/S2/S3/S4/Q)","S1: measure signal freshness","NOT IMPLEMENTED","ORCHESTRA_Real_Machine_Validation_2026-08-21_100242.md; FINDINGS.md","The checked-out kernel prototype does not implement this capability; userspace or simulation evidence was not promoted."
"08-167","Phase 8 — Coordination Index (S1/S2/S3/S4/Q)","S1: measure forecast accuracy","NOT IMPLEMENTED","ORCHESTRA_Real_Machine_Validation_2026-08-21_100242.md; FINDINGS.md","The checked-out kernel prototype does not implement this capability; userspace or simulation evidence was not promoted."
"08-168","Phase 8 — Coordination Index (S1/S2/S3/S4/Q)","S1: measure signal age/prediction divergence","NOT IMPLEMENTED","ORCHESTRA_Real_Machine_Validation_2026-08-21_100242.md; FINDINGS.md","The checked-out kernel prototype does not implement this capability; userspace or simulation evidence was not promoted."
"08-169","Phase 8 — Coordination Index (S1/S2/S3/S4/Q)","S2: verify eligible/exempt counts","NOT IMPLEMENTED","ORCHESTRA_Real_Machine_Validation_2026-08-21_100242.md; FINDINGS.md","The checked-out kernel prototype does not implement this capability; userspace or simulation evidence was not promoted."
"08-170","Phase 8 — Coordination Index (S1/S2/S3/S4/Q)","S2: count compliant/non-compliant actions","NOT IMPLEMENTED","ORCHESTRA_Real_Machine_Validation_2026-08-21_100242.md; FINDINGS.md","The checked-out kernel prototype does not implement this capability; userspace or simulation evidence was not promoted."
"08-171","Phase 8 — Coordination Index (S1/S2/S3/S4/Q)","S2: verify calculation","NOT IMPLEMENTED","ORCHESTRA_Real_Machine_Validation_2026-08-21_100242.md; FINDINGS.md","The checked-out kernel prototype does not implement this capability; userspace or simulation evidence was not promoted."
"08-172","Phase 8 — Coordination Index (S1/S2/S3/S4/Q)","S3: capture action distribution","NOT IMPLEMENTED","ORCHESTRA_Real_Machine_Validation_2026-08-21_100242.md; FINDINGS.md","The checked-out kernel prototype does not implement this capability; userspace or simulation evidence was not promoted."
"08-173","Phase 8 — Coordination Index (S1/S2/S3/S4/Q)","S3: measure action consistency","NOT IMPLEMENTED","ORCHESTRA_Real_Machine_Validation_2026-08-21_100242.md; FINDINGS.md","The checked-out kernel prototype does not implement this capability; userspace or simulation evidence was not promoted."
"08-174","Phase 8 — Coordination Index (S1/S2/S3/S4/Q)","S3: detect divergent behavior","NOT IMPLEMENTED","ORCHESTRA_Real_Machine_Validation_2026-08-21_100242.md; FINDINGS.md","The checked-out kernel prototype does not implement this capability; userspace or simulation evidence was not promoted."
"08-175","Phase 8 — Coordination Index (S1/S2/S3/S4/Q)","S3: calculate population coherence","NOT IMPLEMENTED","ORCHESTRA_Real_Machine_Validation_2026-08-21_100242.md; FINDINGS.md","The checked-out kernel prototype does not implement this capability; userspace or simulation evidence was not promoted."
"08-176","Phase 8 — Coordination Index (S1/S2/S3/S4/Q)","S4: record previous/current actions","NOT IMPLEMENTED","ORCHESTRA_Real_Machine_Validation_2026-08-21_100242.md; FINDINGS.md","The checked-out kernel prototype does not implement this capability; userspace or simulation evidence was not promoted."
"08-177","Phase 8 — Coordination Index (S1/S2/S3/S4/Q)","S4: count transitions","NOT IMPLEMENTED","ORCHESTRA_Real_Machine_Validation_2026-08-21_100242.md; FINDINGS.md","The checked-out kernel prototype does not implement this capability; userspace or simulation evidence was not promoted."
"08-178","Phase 8 — Coordination Index (S1/S2/S3/S4/Q)","S4: detect mass switching","NOT IMPLEMENTED","ORCHESTRA_Real_Machine_Validation_2026-08-21_100242.md; FINDINGS.md","The checked-out kernel prototype does not implement this capability; userspace or simulation evidence was not promoted."
"08-179","Phase 8 — Coordination Index (S1/S2/S3/S4/Q)","S4: detect oscillation","NOT IMPLEMENTED","ORCHESTRA_Real_Machine_Validation_2026-08-21_100242.md; FINDINGS.md","The checked-out kernel prototype does not implement this capability; userspace or simulation evidence was not promoted."
"08-180","Phase 8 — Coordination Index (S1/S2/S3/S4/Q)","S4: calculate temporal stability","NOT IMPLEMENTED","ORCHESTRA_Real_Machine_Validation_2026-08-21_100242.md; FINDINGS.md","The checked-out kernel prototype does not implement this capability; userspace or simulation evidence was not promoted."
"08-181","Phase 8 — Coordination Index (S1/S2/S3/S4/Q)","Verify composite Q calculation","NOT IMPLEMENTED","ORCHESTRA_Real_Machine_Validation_2026-08-21_100242.md; FINDINGS.md","The checked-out kernel prototype does not implement this capability; userspace or simulation evidence was not promoted."
"08-182","Phase 8 — Coordination Index (S1/S2/S3/S4/Q)","Verify Q range","NOT IMPLEMENTED","ORCHESTRA_Real_Machine_Validation_2026-08-21_100242.md; FINDINGS.md","The checked-out kernel prototype does not implement this capability; userspace or simulation evidence was not promoted."
"08-183","Phase 8 — Coordination Index (S1/S2/S3/S4/Q)","Verify Q responds to coordination degradation","NOT IMPLEMENTED","ORCHESTRA_Real_Machine_Validation_2026-08-21_100242.md; FINDINGS.md","The checked-out kernel prototype does not implement this capability; userspace or simulation evidence was not promoted."
"08-184","Phase 8 — Coordination Index (S1/S2/S3/S4/Q)","Verify Q improves with coordination","NOT IMPLEMENTED","ORCHESTRA_Real_Machine_Validation_2026-08-21_100242.md; FINDINGS.md","The checked-out kernel prototype does not implement this capability; userspace or simulation evidence was not promoted."
"08-185","Phase 8 — Coordination Index (S1/S2/S3/S4/Q)","Verify Q remains meaningful under synchronized behavior","NOT IMPLEMENTED","ORCHESTRA_Real_Machine_Validation_2026-08-21_100242.md; FINDINGS.md","The checked-out kernel prototype does not implement this capability; userspace or simulation evidence was not promoted."
"08-186","Phase 8 — Coordination Index (S1/S2/S3/S4/Q)","Verify process/core/system aggregation","NOT IMPLEMENTED","ORCHESTRA_Real_Machine_Validation_2026-08-21_100242.md; FINDINGS.md","The checked-out kernel prototype does not implement this capability; userspace or simulation evidence was not promoted."
"09-187","Phase 9 — Feedback Controller","Verify controller initialization","NOT IMPLEMENTED","ORCHESTRA_Real_Machine_Validation_2026-08-21_100242.md; FINDINGS.md","The checked-out kernel prototype does not implement this capability; userspace or simulation evidence was not promoted."
"09-188","Phase 9 — Feedback Controller","Verify controller reads Q","NOT IMPLEMENTED","ORCHESTRA_Real_Machine_Validation_2026-08-21_100242.md; FINDINGS.md","The checked-out kernel prototype does not implement this capability; userspace or simulation evidence was not promoted."
"09-189","Phase 9 — Feedback Controller","Verify deficient sub-metric identification","NOT IMPLEMENTED","ORCHESTRA_Real_Machine_Validation_2026-08-21_100242.md; FINDINGS.md","The checked-out kernel prototype does not implement this capability; userspace or simulation evidence was not promoted."
"09-190","Phase 9 — Feedback Controller","Verify actuator selection","NOT IMPLEMENTED","ORCHESTRA_Real_Machine_Validation_2026-08-21_100242.md; FINDINGS.md","The checked-out kernel prototype does not implement this capability; userspace or simulation evidence was not promoted."
"09-191","Phase 9 — Feedback Controller","Verify parameter update","NOT IMPLEMENTED","ORCHESTRA_Real_Machine_Validation_2026-08-21_100242.md; FINDINGS.md","The checked-out kernel prototype does not implement this capability; userspace or simulation evidence was not promoted."
"09-192","Phase 9 — Feedback Controller","Verify parameter bounds","NOT IMPLEMENTED","ORCHESTRA_Real_Machine_Validation_2026-08-21_100242.md; FINDINGS.md","The checked-out kernel prototype does not implement this capability; userspace or simulation evidence was not promoted."
"09-193","Phase 9 — Feedback Controller","Check controller oscillation/saturation","NOT IMPLEMENTED","ORCHESTRA_Real_Machine_Validation_2026-08-21_100242.md; FINDINGS.md","The checked-out kernel prototype does not implement this capability; userspace or simulation evidence was not promoted."
"09-194","Phase 9 — Feedback Controller","Measure stabilization","NOT IMPLEMENTED","ORCHESTRA_Real_Machine_Validation_2026-08-21_100242.md; FINDINGS.md","The checked-out kernel prototype does not implement this capability; userspace or simulation evidence was not promoted."
"09-195","Phase 9 — Feedback Controller","Test per-agent perceptual jitter actuator","NOT IMPLEMENTED","ORCHESTRA_Real_Machine_Validation_2026-08-21_100242.md; FINDINGS.md","The checked-out kernel prototype does not implement this capability; userspace or simulation evidence was not promoted."
"09-196","Phase 9 — Feedback Controller","Test switching-penalty actuator","NOT IMPLEMENTED","ORCHESTRA_Real_Machine_Validation_2026-08-21_100242.md; FINDINGS.md","The checked-out kernel prototype does not implement this capability; userspace or simulation evidence was not promoted."
"09-197","Phase 9 — Feedback Controller","Test Q-table consensus mechanism","NOT IMPLEMENTED","ORCHESTRA_Real_Machine_Validation_2026-08-21_100242.md; FINDINGS.md","The checked-out kernel prototype does not implement this capability; userspace or simulation evidence was not promoted."
"09-198","Phase 9 — Feedback Controller","Test prediction-horizon actuator","NOT IMPLEMENTED","ORCHESTRA_Real_Machine_Validation_2026-08-21_100242.md; FINDINGS.md","The checked-out kernel prototype does not implement this capability; userspace or simulation evidence was not promoted."
"09-199","Phase 9 — Feedback Controller","Test signal-update-frequency actuator","NOT IMPLEMENTED","ORCHESTRA_Real_Machine_Validation_2026-08-21_100242.md; FINDINGS.md","The checked-out kernel prototype does not implement this capability; userspace or simulation evidence was not promoted."
"09-200","Phase 9 — Feedback Controller","Test scheduling thresholds","NOT IMPLEMENTED","ORCHESTRA_Real_Machine_Validation_2026-08-21_100242.md; FINDINGS.md","The checked-out kernel prototype does not implement this capability; userspace or simulation evidence was not promoted."
"09-201","Phase 9 — Feedback Controller","Verify inner adaptation and slower outer controller","NOT IMPLEMENTED","ORCHESTRA_Real_Machine_Validation_2026-08-21_100242.md; FINDINGS.md","The checked-out kernel prototype does not implement this capability; userspace or simulation evidence was not promoted."
"09-202","Phase 9 — Feedback Controller","Record controller cadence/step size","NOT IMPLEMENTED","ORCHESTRA_Real_Machine_Validation_2026-08-21_100242.md; FINDINGS.md","The checked-out kernel prototype does not implement this capability; userspace or simulation evidence was not promoted."
"09-203","Phase 9 — Feedback Controller","Record parameter evolution","NOT IMPLEMENTED","ORCHESTRA_Real_Machine_Validation_2026-08-21_100242.md; FINDINGS.md","The checked-out kernel prototype does not implement this capability; userspace or simulation evidence was not promoted."
"09-204","Phase 9 — Feedback Controller","Check learner/controller feedback oscillation","NOT IMPLEMENTED","ORCHESTRA_Real_Machine_Validation_2026-08-21_100242.md; FINDINGS.md","The checked-out kernel prototype does not implement this capability; userspace or simulation evidence was not promoted."
"10-205","Phase 10 — Instrumentation & Observability","Trace dispatch","INCONCLUSIVE","ORCHESTRA_Real_Machine_Validation_2026-08-21_100242.md; FINDINGS.md","Partial evidence exists, but the exact checklist claim was not fully demonstrated."
"10-206","Phase 10 — Instrumentation & Observability","Trace migration","INCONCLUSIVE","ORCHESTRA_Real_Machine_Validation_2026-08-21_100242.md; FINDINGS.md","Partial evidence exists, but the exact checklist claim was not fully demonstrated."
"10-207","Phase 10 — Instrumentation & Observability","Trace preemption","INCONCLUSIVE","ORCHESTRA_Real_Machine_Validation_2026-08-21_100242.md; FINDINGS.md","Partial evidence exists, but the exact checklist claim was not fully demonstrated."
"10-208","Phase 10 — Instrumentation & Observability","Trace throttling","INCONCLUSIVE","ORCHESTRA_Real_Machine_Validation_2026-08-21_100242.md; FINDINGS.md","Partial evidence exists, but the exact checklist claim was not fully demonstrated."
"10-209","Phase 10 — Instrumentation & Observability","Trace yield","INCONCLUSIVE","ORCHESTRA_Real_Machine_Validation_2026-08-21_100242.md; FINDINGS.md","Partial evidence exists, but the exact checklist claim was not fully demonstrated."
"10-210","Phase 10 — Instrumentation & Observability","Trace sleep/wake","INCONCLUSIVE","ORCHESTRA_Real_Machine_Validation_2026-08-21_100242.md; FINDINGS.md","Partial evidence exists, but the exact checklist claim was not fully demonstrated."
"10-211","Phase 10 — Instrumentation & Observability","Trace scheduling decisions and associated signal state","INCONCLUSIVE","ORCHESTRA_Real_Machine_Validation_2026-08-21_100242.md; FINDINGS.md","Partial evidence exists, but the exact checklist claim was not fully demonstrated."
"10-212","Phase 10 — Instrumentation & Observability","Trace signal creation/publication/dissemination/validation/expiry/replacement","NOT IMPLEMENTED","ORCHESTRA_Real_Machine_Validation_2026-08-21_100242.md; FINDINGS.md","The checked-out kernel prototype does not implement this capability; userspace or simulation evidence was not promoted."
"10-213","Phase 10 — Instrumentation & Observability","Measure signal propagation latency","NOT IMPLEMENTED","ORCHESTRA_Real_Machine_Validation_2026-08-21_100242.md; FINDINGS.md","The checked-out kernel prototype does not implement this capability; userspace or simulation evidence was not promoted."
"10-214","Phase 10 — Instrumentation & Observability","Record synchronization/integrity failures","NOT IMPLEMENTED","ORCHESTRA_Real_Machine_Validation_2026-08-21_100242.md; FINDINGS.md","The checked-out kernel prototype does not implement this capability; userspace or simulation evidence was not promoted."
"10-215","Phase 10 — Instrumentation & Observability","Record prediction generation time/value/confidence/error/latency/model version","NOT IMPLEMENTED","ORCHESTRA_Real_Machine_Validation_2026-08-21_100242.md; FINDINGS.md","The checked-out kernel prototype does not implement this capability; userspace or simulation evidence was not promoted."
"10-216","Phase 10 — Instrumentation & Observability","Record scheduler state/action/policy/reward/adaptation/migration/decision latency","INCONCLUSIVE","ORCHESTRA_Real_Machine_Validation_2026-08-21_100242.md; FINDINGS.md","Partial evidence exists, but the exact checklist claim was not fully demonstrated."
"10-217","Phase 10 — Instrumentation & Observability","Record S1/S2/S3/S4/Q","NOT IMPLEMENTED","ORCHESTRA_Real_Machine_Validation_2026-08-21_100242.md; FINDINGS.md","The checked-out kernel prototype does not implement this capability; userspace or simulation evidence was not promoted."
"10-218","Phase 10 — Instrumentation & Observability","Record controller activation/actuator/parameters/stabilization/saturation","NOT IMPLEMENTED","ORCHESTRA_Real_Machine_Validation_2026-08-21_100242.md; FINDINGS.md","The checked-out kernel prototype does not implement this capability; userspace or simulation evidence was not promoted."
"11-219","Phase 11 — Performance Overhead","Measure scheduling latency","BLOCKED","ORCHESTRA_Real_Machine_Validation_2026-08-21_100242.md; FINDINGS.md","Not executed: safe ownership-validating infrastructure, exact feature implementation, or required tool was unavailable."
"11-220","Phase 11 — Performance Overhead","Context-switch overhead","BLOCKED","ORCHESTRA_Real_Machine_Validation_2026-08-21_100242.md; FINDINGS.md","Not executed: safe ownership-validating infrastructure, exact feature implementation, or required tool was unavailable."
"11-221","Phase 11 — Performance Overhead","Decision latency","BLOCKED","ORCHESTRA_Real_Machine_Validation_2026-08-21_100242.md; FINDINGS.md","Not executed: safe ownership-validating infrastructure, exact feature implementation, or required tool was unavailable."
"11-222","Phase 11 — Performance Overhead","Prediction computation cost","BLOCKED","ORCHESTRA_Real_Machine_Validation_2026-08-21_100242.md; FINDINGS.md","Not executed: safe ownership-validating infrastructure, exact feature implementation, or required tool was unavailable."
"11-223","Phase 11 — Performance Overhead","Signal Bus cost","BLOCKED","ORCHESTRA_Real_Machine_Validation_2026-08-21_100242.md; FINDINGS.md","Not executed: safe ownership-validating infrastructure, exact feature implementation, or required tool was unavailable."
"11-224","Phase 11 — Performance Overhead","HMAC/integrity verification cost","BLOCKED","ORCHESTRA_Real_Machine_Validation_2026-08-21_100242.md; FINDINGS.md","Not executed: safe ownership-validating infrastructure, exact feature implementation, or required tool was unavailable."
"11-225","Phase 11 — Performance Overhead","Coordination-index cost","BLOCKED","ORCHESTRA_Real_Machine_Validation_2026-08-21_100242.md; FINDINGS.md","Not executed: safe ownership-validating infrastructure, exact feature implementation, or required tool was unavailable."
"11-226","Phase 11 — Performance Overhead","Controller cost","BLOCKED","ORCHESTRA_Real_Machine_Validation_2026-08-21_100242.md; FINDINGS.md","Not executed: safe ownership-validating infrastructure, exact feature implementation, or required tool was unavailable."
"11-227","Phase 11 — Performance Overhead","Adaptive-policy cost","BLOCKED","ORCHESTRA_Real_Machine_Validation_2026-08-21_100242.md; FINDINGS.md","Not executed: safe ownership-validating infrastructure, exact feature implementation, or required tool was unavailable."
"11-228","Phase 11 — Performance Overhead","Monitoring cost","BLOCKED","ORCHESTRA_Real_Machine_Validation_2026-08-21_100242.md; FINDINGS.md","Not executed: safe ownership-validating infrastructure, exact feature implementation, or required tool was unavailable."
"11-229","Phase 11 — Performance Overhead","Measure CPU overhead","BLOCKED","ORCHESTRA_Real_Machine_Validation_2026-08-21_100242.md; FINDINGS.md","Not executed: safe ownership-validating infrastructure, exact feature implementation, or required tool was unavailable."
"11-230","Phase 11 — Performance Overhead","Memory overhead","BLOCKED","ORCHESTRA_Real_Machine_Validation_2026-08-21_100242.md; FINDINGS.md","Not executed: safe ownership-validating infrastructure, exact feature implementation, or required tool was unavailable."
"11-231","Phase 11 — Performance Overhead","Kernel memory footprint","BLOCKED","ORCHESTRA_Real_Machine_Validation_2026-08-21_100242.md; FINDINGS.md","Not executed: safe ownership-validating infrastructure, exact feature implementation, or required tool was unavailable."
"11-232","Phase 11 — Performance Overhead","Cache misses/hit rate","BLOCKED","ORCHESTRA_Real_Machine_Validation_2026-08-21_100242.md; FINDINGS.md","Not executed: safe ownership-validating infrastructure, exact feature implementation, or required tool was unavailable."
"11-233","Phase 11 — Performance Overhead","Lock contention","BLOCKED","ORCHESTRA_Real_Machine_Validation_2026-08-21_100242.md; FINDINGS.md","Not executed: safe ownership-validating infrastructure, exact feature implementation, or required tool was unavailable."
"11-234","Phase 11 — Performance Overhead","Synchronization overhead","BLOCKED","ORCHESTRA_Real_Machine_Validation_2026-08-21_100242.md; FINDINGS.md","Not executed: safe ownership-validating infrastructure, exact feature implementation, or required tool was unavailable."
"11-235","Phase 11 — Performance Overhead","Inter-CPU communication overhead","BLOCKED","ORCHESTRA_Real_Machine_Validation_2026-08-21_100242.md; FINDINGS.md","Not executed: safe ownership-validating infrastructure, exact feature implementation, or required tool was unavailable."
"12-236","Phase 12 — Workload Matrix","CPU: single CPU-bound process","PASS","stress/20260821-100155-cfs-smoke-output/results.csv; baseline/20260821-094943-baseline_fixed_work_retry2.stdout","Covered by this campaign at the stated evidence scope."
"12-237","Phase 12 — Workload Matrix","CPU: multiple CPU-bound processes","PASS","stress/20260821-100155-cfs-smoke-output/results.csv; baseline/20260821-094943-baseline_fixed_work_retry2.stdout","Covered by this campaign at the stated evidence scope."
"12-238","Phase 12 — Workload Matrix","CPU: under-subscribed","PASS","stress/20260821-100155-cfs-smoke-output/results.csv; baseline/20260821-094943-baseline_fixed_work_retry2.stdout","Covered by this campaign at the stated evidence scope."
"12-239","Phase 12 — Workload Matrix","CPU: equal to CPU count","PASS","stress/20260821-100155-cfs-smoke-output/results.csv; baseline/20260821-094943-baseline_fixed_work_retry2.stdout","Covered by this campaign at the stated evidence scope."
"12-240","Phase 12 — Workload Matrix","CPU: over-subscribed","BLOCKED","stress/20260821-100155-cfs-smoke-output/results.csv; baseline/20260821-094943-baseline_fixed_work_retry2.stdout","Not executed: safe ownership-validating infrastructure, exact feature implementation, or required tool was unavailable."
"12-241","Phase 12 — Workload Matrix","CPU: bursty","BLOCKED","stress/20260821-100155-cfs-smoke-output/results.csv; baseline/20260821-094943-baseline_fixed_work_retry2.stdout","Not executed: safe ownership-validating infrastructure, exact feature implementation, or required tool was unavailable."
"12-242","Phase 12 — Workload Matrix","Memory: sequential","PASS","stress/20260821-100155-cfs-smoke-output/results.csv; baseline/20260821-094943-baseline_fixed_work_retry2.stdout","Covered by this campaign at the stated evidence scope."
"12-243","Phase 12 — Workload Matrix","Memory: random","BLOCKED","stress/20260821-100155-cfs-smoke-output/results.csv; baseline/20260821-094943-baseline_fixed_work_retry2.stdout","Not executed: safe ownership-validating infrastructure, exact feature implementation, or required tool was unavailable."
"12-244","Phase 12 — Workload Matrix","Memory: high pressure","PASS","stress/20260821-100155-cfs-smoke-output/results.csv; baseline/20260821-094943-baseline_fixed_work_retry2.stdout","Covered by this campaign at the stated evidence scope."
"12-245","Phase 12 — Workload Matrix","Memory: near exhaustion","BLOCKED","stress/20260821-100155-cfs-smoke-output/results.csv; baseline/20260821-094943-baseline_fixed_work_retry2.stdout","Not executed: safe ownership-validating infrastructure, exact feature implementation, or required tool was unavailable."
"12-246","Phase 12 — Workload Matrix","Memory: multiple workers","PASS","stress/20260821-100155-cfs-smoke-output/results.csv; baseline/20260821-094943-baseline_fixed_work_retry2.stdout","Covered by this campaign at the stated evidence scope."
"12-247","Phase 12 — Workload Matrix","I/O: sequential read/write","PASS","stress/20260821-100155-cfs-smoke-output/results.csv; baseline/20260821-094943-baseline_fixed_work_retry2.stdout","Covered by this campaign at the stated evidence scope."
"12-248","Phase 12 — Workload Matrix","I/O: random read/write","BLOCKED","stress/20260821-100155-cfs-smoke-output/results.csv; baseline/20260821-094943-baseline_fixed_work_retry2.stdout","Not executed: safe ownership-validating infrastructure, exact feature implementation, or required tool was unavailable."
"12-249","Phase 12 — Workload Matrix","I/O: multiple workers","PASS","stress/20260821-100155-cfs-smoke-output/results.csv; baseline/20260821-094943-baseline_fixed_work_retry2.stdout","Covered by this campaign at the stated evidence scope."
"12-250","Phase 12 — Workload Matrix","I/O: read-heavy","PASS","stress/20260821-100155-cfs-smoke-output/results.csv; baseline/20260821-094943-baseline_fixed_work_retry2.stdout","Covered by this campaign at the stated evidence scope."
"12-251","Phase 12 — Workload Matrix","I/O: write-heavy","PASS","stress/20260821-100155-cfs-smoke-output/results.csv; baseline/20260821-094943-baseline_fixed_work_retry2.stdout","Covered by this campaign at the stated evidence scope."
"12-252","Phase 12 — Workload Matrix","I/O: mixed","PASS","stress/20260821-100155-cfs-smoke-output/results.csv; baseline/20260821-094943-baseline_fixed_work_retry2.stdout","Covered by this campaign at the stated evidence scope."
"12-253","Phase 12 — Workload Matrix","Network: high throughput","BLOCKED","stress/20260821-100155-cfs-smoke-output/results.csv; baseline/20260821-094943-baseline_fixed_work_retry2.stdout","Not executed: safe ownership-validating infrastructure, exact feature implementation, or required tool was unavailable."
"12-254","Phase 12 — Workload Matrix","Network: high packet rate","BLOCKED","stress/20260821-100155-cfs-smoke-output/results.csv; baseline/20260821-094943-baseline_fixed_work_retry2.stdout","Not executed: safe ownership-validating infrastructure, exact feature implementation, or required tool was unavailable."
"12-255","Phase 12 — Workload Matrix","Network: multiple processes","BLOCKED","stress/20260821-100155-cfs-smoke-output/results.csv; baseline/20260821-094943-baseline_fixed_work_retry2.stdout","Not executed: safe ownership-validating infrastructure, exact feature implementation, or required tool was unavailable."
"12-256","Phase 12 — Workload Matrix","Network: bursty","BLOCKED","stress/20260821-100155-cfs-smoke-output/results.csv; baseline/20260821-094943-baseline_fixed_work_retry2.stdout","Not executed: safe ownership-validating infrastructure, exact feature implementation, or required tool was unavailable."
"12-257","Phase 12 — Workload Matrix","Network: mixed CPU/network","BLOCKED","stress/20260821-100155-cfs-smoke-output/results.csv; baseline/20260821-094943-baseline_fixed_work_retry2.stdout","Not executed: safe ownership-validating infrastructure, exact feature implementation, or required tool was unavailable."
"12-258","Phase 12 — Workload Matrix","Mixed: CPU+memory","BLOCKED","stress/20260821-100155-cfs-smoke-output/results.csv; baseline/20260821-094943-baseline_fixed_work_retry2.stdout","Not executed: safe ownership-validating infrastructure, exact feature implementation, or required tool was unavailable."
"12-259","Phase 12 — Workload Matrix","CPU+I/O","BLOCKED","stress/20260821-100155-cfs-smoke-output/results.csv; baseline/20260821-094943-baseline_fixed_work_retry2.stdout","Not executed: safe ownership-validating infrastructure, exact feature implementation, or required tool was unavailable."
"12-260","Phase 12 — Workload Matrix","CPU+network","BLOCKED","stress/20260821-100155-cfs-smoke-output/results.csv; baseline/20260821-094943-baseline_fixed_work_retry2.stdout","Not executed: safe ownership-validating infrastructure, exact feature implementation, or required tool was unavailable."
"12-261","Phase 12 — Workload Matrix","memory+I/O","BLOCKED","stress/20260821-100155-cfs-smoke-output/results.csv; baseline/20260821-094943-baseline_fixed_work_retry2.stdout","Not executed: safe ownership-validating infrastructure, exact feature implementation, or required tool was unavailable."
"12-262","Phase 12 — Workload Matrix","CPU+memory+I/O","BLOCKED","stress/20260821-100155-cfs-smoke-output/results.csv; baseline/20260821-094943-baseline_fixed_work_retry2.stdout","Not executed: safe ownership-validating infrastructure, exact feature implementation, or required tool was unavailable."
"12-263","Phase 12 — Workload Matrix","CPU+memory+network","BLOCKED","stress/20260821-100155-cfs-smoke-output/results.csv; baseline/20260821-094943-baseline_fixed_work_retry2.stdout","Not executed: safe ownership-validating infrastructure, exact feature implementation, or required tool was unavailable."
"12-264","Phase 12 — Workload Matrix","full mixed workload","INCONCLUSIVE","stress/20260821-100155-cfs-smoke-output/results.csv; baseline/20260821-094943-baseline_fixed_work_retry2.stdout","Partial evidence exists, but the exact checklist claim was not fully demonstrated."
"13-265","Phase 13 — Dynamic Workloads","Stable workload","BLOCKED","ORCHESTRA_Real_Machine_Validation_2026-08-21_100242.md; FINDINGS.md","Not executed: safe ownership-validating infrastructure, exact feature implementation, or required tool was unavailable."
"13-266","Phase 13 — Dynamic Workloads","Gradually increasing load","BLOCKED","ORCHESTRA_Real_Machine_Validation_2026-08-21_100242.md; FINDINGS.md","Not executed: safe ownership-validating infrastructure, exact feature implementation, or required tool was unavailable."
"13-267","Phase 13 — Dynamic Workloads","Gradually decreasing load","BLOCKED","ORCHESTRA_Real_Machine_Validation_2026-08-21_100242.md; FINDINGS.md","Not executed: safe ownership-validating infrastructure, exact feature implementation, or required tool was unavailable."
"13-268","Phase 13 — Dynamic Workloads","Sudden load spike","BLOCKED","ORCHESTRA_Real_Machine_Validation_2026-08-21_100242.md; FINDINGS.md","Not executed: safe ownership-validating infrastructure, exact feature implementation, or required tool was unavailable."
"13-269","Phase 13 — Dynamic Workloads","Sudden load collapse","BLOCKED","ORCHESTRA_Real_Machine_Validation_2026-08-21_100242.md; FINDINGS.md","Not executed: safe ownership-validating infrastructure, exact feature implementation, or required tool was unavailable."
"13-270","Phase 13 — Dynamic Workloads","Periodic workload","BLOCKED","ORCHESTRA_Real_Machine_Validation_2026-08-21_100242.md; FINDINGS.md","Not executed: safe ownership-validating infrastructure, exact feature implementation, or required tool was unavailable."
"13-271","Phase 13 — Dynamic Workloads","Alternating workload","BLOCKED","ORCHESTRA_Real_Machine_Validation_2026-08-21_100242.md; FINDINGS.md","Not executed: safe ownership-validating infrastructure, exact feature implementation, or required tool was unavailable."
"13-272","Phase 13 — Dynamic Workloads","Random workload","BLOCKED","ORCHESTRA_Real_Machine_Validation_2026-08-21_100242.md; FINDINGS.md","Not executed: safe ownership-validating infrastructure, exact feature implementation, or required tool was unavailable."
"13-273","Phase 13 — Dynamic Workloads","Bursty workload","BLOCKED","ORCHESTRA_Real_Machine_Validation_2026-08-21_100242.md; FINDINGS.md","Not executed: safe ownership-validating infrastructure, exact feature implementation, or required tool was unavailable."
"13-274","Phase 13 — Dynamic Workloads","Multiple simultaneous transitions","BLOCKED","ORCHESTRA_Real_Machine_Validation_2026-08-21_100242.md; FINDINGS.md","Not executed: safe ownership-validating infrastructure, exact feature implementation, or required tool was unavailable."
"13-275","Phase 13 — Dynamic Workloads","Workload migration between CPUs","BLOCKED","ORCHESTRA_Real_Machine_Validation_2026-08-21_100242.md; FINDINGS.md","Not executed: safe ownership-validating infrastructure, exact feature implementation, or required tool was unavailable."
"13-276","Phase 13 — Dynamic Workloads","For every dynamic case record prediction accuracy, response latency, Q, CPU utilization, throughput, migration rate, oscillation rate and recovery time","BLOCKED","ORCHESTRA_Real_Machine_Validation_2026-08-21_100242.md; FINDINGS.md","Not executed: safe ownership-validating infrastructure, exact feature implementation, or required tool was unavailable."
"14-277","Phase 14 — Stress Testing","CPU at 50%","BLOCKED","stress/20260821-100155-cfs-smoke-output/results.csv; baseline/20260821-094943-baseline_fixed_work_retry2.stdout","Not executed: safe ownership-validating infrastructure, exact feature implementation, or required tool was unavailable."
"14-278","Phase 14 — Stress Testing","70%","BLOCKED","stress/20260821-100155-cfs-smoke-output/results.csv; baseline/20260821-094943-baseline_fixed_work_retry2.stdout","Not executed: safe ownership-validating infrastructure, exact feature implementation, or required tool was unavailable."
"14-279","Phase 14 — Stress Testing","80%","BLOCKED","stress/20260821-100155-cfs-smoke-output/results.csv; baseline/20260821-094943-baseline_fixed_work_retry2.stdout","Not executed: safe ownership-validating infrastructure, exact feature implementation, or required tool was unavailable."
"14-280","Phase 14 — Stress Testing","90%","BLOCKED","stress/20260821-100155-cfs-smoke-output/results.csv; baseline/20260821-094943-baseline_fixed_work_retry2.stdout","Not executed: safe ownership-validating infrastructure, exact feature implementation, or required tool was unavailable."
"14-281","Phase 14 — Stress Testing","95%","BLOCKED","stress/20260821-100155-cfs-smoke-output/results.csv; baseline/20260821-094943-baseline_fixed_work_retry2.stdout","Not executed: safe ownership-validating infrastructure, exact feature implementation, or required tool was unavailable."
"14-282","Phase 14 — Stress Testing","near saturation","BLOCKED","stress/20260821-100155-cfs-smoke-output/results.csv; baseline/20260821-094943-baseline_fixed_work_retry2.stdout","Not executed: safe ownership-validating infrastructure, exact feature implementation, or required tool was unavailable."
"14-283","Phase 14 — Stress Testing","full saturation","BLOCKED","stress/20260821-100155-cfs-smoke-output/results.csv; baseline/20260821-094943-baseline_fixed_work_retry2.stdout","Not executed: safe ownership-validating infrastructure, exact feature implementation, or required tool was unavailable."
"14-284","Phase 14 — Stress Testing","Moderate memory pressure","PASS","stress/20260821-100155-cfs-smoke-output/results.csv; baseline/20260821-094943-baseline_fixed_work_retry2.stdout","Covered by this campaign at the stated evidence scope."
"14-285","Phase 14 — Stress Testing","High memory pressure","PASS","stress/20260821-100155-cfs-smoke-output/results.csv; baseline/20260821-094943-baseline_fixed_work_retry2.stdout","Covered by this campaign at the stated evidence scope."
"14-286","Phase 14 — Stress Testing","Near exhaustion","BLOCKED","stress/20260821-100155-cfs-smoke-output/results.csv; baseline/20260821-094943-baseline_fixed_work_retry2.stdout","Not executed: safe ownership-validating infrastructure, exact feature implementation, or required tool was unavailable."
"14-287","Phase 14 — Stress Testing","Concurrent memory workers","PASS","stress/20260821-100155-cfs-smoke-output/results.csv; baseline/20260821-094943-baseline_fixed_work_retry2.stdout","Covered by this campaign at the stated evidence scope."
"14-288","Phase 14 — Stress Testing","One CPU heavily loaded","BLOCKED","stress/20260821-100155-cfs-smoke-output/results.csv; baseline/20260821-094943-baseline_fixed_work_retry2.stdout","Not executed: safe ownership-validating infrastructure, exact feature implementation, or required tool was unavailable."
"14-289","Phase 14 — Stress Testing","Half CPUs heavily loaded","BLOCKED","stress/20260821-100155-cfs-smoke-output/results.csv; baseline/20260821-094943-baseline_fixed_work_retry2.stdout","Not executed: safe ownership-validating infrastructure, exact feature implementation, or required tool was unavailable."
"14-290","Phase 14 — Stress Testing","Uneven workload distribution","BLOCKED","stress/20260821-100155-cfs-smoke-output/results.csv; baseline/20260821-094943-baseline_fixed_work_retry2.stdout","Not executed: safe ownership-validating infrastructure, exact feature implementation, or required tool was unavailable."
"14-291","Phase 14 — Stress Testing","Forced affinity imbalance","BLOCKED","stress/20260821-100155-cfs-smoke-output/results.csv; baseline/20260821-094943-baseline_fixed_work_retry2.stdout","Not executed: safe ownership-validating infrastructure, exact feature implementation, or required tool was unavailable."
"14-292","Phase 14 — Stress Testing","Migration pressure","BLOCKED","stress/20260821-100155-cfs-smoke-output/results.csv; baseline/20260821-094943-baseline_fixed_work_retry2.stdout","Not executed: safe ownership-validating infrastructure, exact feature implementation, or required tool was unavailable."
"14-293","Phase 14 — Stress Testing","Normal temperature","PASS","stress/20260821-100155-cfs-smoke-output/results.csv; baseline/20260821-094943-baseline_fixed_work_retry2.stdout","Covered by this campaign at the stated evidence scope."
"14-294","Phase 14 — Stress Testing","Elevated temperature","BLOCKED","stress/20260821-100155-cfs-smoke-output/results.csv; baseline/20260821-094943-baseline_fixed_work_retry2.stdout","Not executed: safe ownership-validating infrastructure, exact feature implementation, or required tool was unavailable."
"14-295","Phase 14 — Stress Testing","Sustained high temperature","BLOCKED","stress/20260821-100155-cfs-smoke-output/results.csv; baseline/20260821-094943-baseline_fixed_work_retry2.stdout","Not executed: safe ownership-validating infrastructure, exact feature implementation, or required tool was unavailable."
"14-296","Phase 14 — Stress Testing","Safely reproducible thermal-throttling condition","BLOCKED","stress/20260821-100155-cfs-smoke-output/results.csv; baseline/20260821-094943-baseline_fixed_work_retry2.stdout","Not executed: safe ownership-validating infrastructure, exact feature implementation, or required tool was unavailable."
"14-297","Phase 14 — Stress Testing","10-minute run","BLOCKED","stress/20260821-100155-cfs-smoke-output/results.csv; baseline/20260821-094943-baseline_fixed_work_retry2.stdout","Not executed: safe ownership-validating infrastructure, exact feature implementation, or required tool was unavailable."
"14-298","Phase 14 — Stress Testing","30-minute run","BLOCKED","stress/20260821-100155-cfs-smoke-output/results.csv; baseline/20260821-094943-baseline_fixed_work_retry2.stdout","Not executed: safe ownership-validating infrastructure, exact feature implementation, or required tool was unavailable."
"14-299","Phase 14 — Stress Testing","1-hour run","BLOCKED","stress/20260821-100155-cfs-smoke-output/results.csv; baseline/20260821-094943-baseline_fixed_work_retry2.stdout","Not executed: safe ownership-validating infrastructure, exact feature implementation, or required tool was unavailable."
"14-300","Phase 14 — Stress Testing","Multi-hour run","BLOCKED","stress/20260821-100155-cfs-smoke-output/results.csv; baseline/20260821-094943-baseline_fixed_work_retry2.stdout","Not executed: safe ownership-validating infrastructure, exact feature implementation, or required tool was unavailable."
"14-301","Phase 14 — Stress Testing","Overnight run if practical","BLOCKED","stress/20260821-100155-cfs-smoke-output/results.csv; baseline/20260821-094943-baseline_fixed_work_retry2.stdout","Not executed: safe ownership-validating infrastructure, exact feature implementation, or required tool was unavailable."
"14-302","Phase 14 — Stress Testing","Check memory leaks","BLOCKED","stress/20260821-100155-cfs-smoke-output/results.csv; baseline/20260821-094943-baseline_fixed_work_retry2.stdout","Not executed: safe ownership-validating infrastructure, exact feature implementation, or required tool was unavailable."
"14-303","Phase 14 — Stress Testing","CPU-overhead drift","BLOCKED","stress/20260821-100155-cfs-smoke-output/results.csv; baseline/20260821-094943-baseline_fixed_work_retry2.stdout","Not executed: safe ownership-validating infrastructure, exact feature implementation, or required tool was unavailable."
"14-304","Phase 14 — Stress Testing","Q degradation","BLOCKED","stress/20260821-100155-cfs-smoke-output/results.csv; baseline/20260821-094943-baseline_fixed_work_retry2.stdout","Not executed: safe ownership-validating infrastructure, exact feature implementation, or required tool was unavailable."
"14-305","Phase 14 — Stress Testing","Predictor degradation","BLOCKED","stress/20260821-100155-cfs-smoke-output/results.csv; baseline/20260821-094943-baseline_fixed_work_retry2.stdout","Not executed: safe ownership-validating infrastructure, exact feature implementation, or required tool was unavailable."
"14-306","Phase 14 — Stress Testing","Controller drift","BLOCKED","stress/20260821-100155-cfs-smoke-output/results.csv; baseline/20260821-094943-baseline_fixed_work_retry2.stdout","Not executed: safe ownership-validating infrastructure, exact feature implementation, or required tool was unavailable."
"14-307","Phase 14 — Stress Testing","scheduler instability","BLOCKED","stress/20260821-100155-cfs-smoke-output/results.csv; baseline/20260821-094943-baseline_fixed_work_retry2.stdout","Not executed: safe ownership-validating infrastructure, exact feature implementation, or required tool was unavailable."
"14-308","Phase 14 — Stress Testing","log-buffer exhaustion","BLOCKED","stress/20260821-100155-cfs-smoke-output/results.csv; baseline/20260821-094943-baseline_fixed_work_retry2.stdout","Not executed: safe ownership-validating infrastructure, exact feature implementation, or required tool was unavailable."
"14-309","Phase 14 — Stress Testing","resource exhaustion","BLOCKED","stress/20260821-100155-cfs-smoke-output/results.csv; baseline/20260821-094943-baseline_fixed_work_retry2.stdout","Not executed: safe ownership-validating infrastructure, exact feature implementation, or required tool was unavailable."
"15-310","Phase 15 — Thundering-Herd / Synchronization","Create many eligible processes with similar observed state","NOT IMPLEMENTED","ORCHESTRA_Real_Machine_Validation_2026-08-21_100242.md; FINDINGS.md","The checked-out kernel prototype does not implement this capability; userspace or simulation evidence was not promoted."
"15-311","Phase 15 — Thundering-Herd / Synchronization","Induce common threshold crossing","NOT IMPLEMENTED","ORCHESTRA_Real_Machine_Validation_2026-08-21_100242.md; FINDINGS.md","The checked-out kernel prototype does not implement this capability; userspace or simulation evidence was not promoted."
"15-312","Phase 15 — Thundering-Herd / Synchronization","Induce common CPU-load change","NOT IMPLEMENTED","ORCHESTRA_Real_Machine_Validation_2026-08-21_100242.md; FINDINGS.md","The checked-out kernel prototype does not implement this capability; userspace or simulation evidence was not promoted."
"15-313","Phase 15 — Thundering-Herd / Synchronization","Induce common predicted-state transition","NOT IMPLEMENTED","ORCHESTRA_Real_Machine_Validation_2026-08-21_100242.md; FINDINGS.md","The checked-out kernel prototype does not implement this capability; userspace or simulation evidence was not promoted."
"15-314","Phase 15 — Thundering-Herd / Synchronization","Induce common directive","NOT IMPLEMENTED","ORCHESTRA_Real_Machine_Validation_2026-08-21_100242.md; FINDINGS.md","The checked-out kernel prototype does not implement this capability; userspace or simulation evidence was not promoted."
"15-315","Phase 15 — Thundering-Herd / Synchronization","Measure simultaneous action changes","NOT IMPLEMENTED","ORCHESTRA_Real_Machine_Validation_2026-08-21_100242.md; FINDINGS.md","The checked-out kernel prototype does not implement this capability; userspace or simulation evidence was not promoted."
"15-316","Phase 15 — Thundering-Herd / Synchronization","Measure migration bursts","NOT IMPLEMENTED","ORCHESTRA_Real_Machine_Validation_2026-08-21_100242.md; FINDINGS.md","The checked-out kernel prototype does not implement this capability; userspace or simulation evidence was not promoted."
"15-317","Phase 15 — Thundering-Herd / Synchronization","Measure wake-up bursts","NOT IMPLEMENTED","ORCHESTRA_Real_Machine_Validation_2026-08-21_100242.md; FINDINGS.md","The checked-out kernel prototype does not implement this capability; userspace or simulation evidence was not promoted."
"15-318","Phase 15 — Thundering-Herd / Synchronization","Measure CPU-utilization oscillation","NOT IMPLEMENTED","ORCHESTRA_Real_Machine_Validation_2026-08-21_100242.md; FINDINGS.md","The checked-out kernel prototype does not implement this capability; userspace or simulation evidence was not promoted."
"15-319","Phase 15 — Thundering-Herd / Synchronization","Measure queue oscillation","NOT IMPLEMENTED","ORCHESTRA_Real_Machine_Validation_2026-08-21_100242.md; FINDINGS.md","The checked-out kernel prototype does not implement this capability; userspace or simulation evidence was not promoted."
"15-320","Phase 15 — Thundering-Herd / Synchronization","Measure S3","NOT IMPLEMENTED","ORCHESTRA_Real_Machine_Validation_2026-08-21_100242.md; FINDINGS.md","The checked-out kernel prototype does not implement this capability; userspace or simulation evidence was not promoted."
"15-321","Phase 15 — Thundering-Herd / Synchronization","Measure S4","NOT IMPLEMENTED","ORCHESTRA_Real_Machine_Validation_2026-08-21_100242.md; FINDINGS.md","The checked-out kernel prototype does not implement this capability; userspace or simulation evidence was not promoted."
"15-322","Phase 15 — Thundering-Herd / Synchronization","Measure Q","NOT IMPLEMENTED","ORCHESTRA_Real_Machine_Validation_2026-08-21_100242.md; FINDINGS.md","The checked-out kernel prototype does not implement this capability; userspace or simulation evidence was not promoted."
"15-323","Phase 15 — Thundering-Herd / Synchronization","Measure recovery time","NOT IMPLEMENTED","ORCHESTRA_Real_Machine_Validation_2026-08-21_100242.md; FINDINGS.md","The checked-out kernel prototype does not implement this capability; userspace or simulation evidence was not promoted."
"15-324","Phase 15 — Thundering-Herd / Synchronization","Compare Linux baseline vs ORCHESTRA without anti-synchronization vs final ORCHESTRA","NOT IMPLEMENTED","ORCHESTRA_Real_Machine_Validation_2026-08-21_100242.md; FINDINGS.md","The checked-out kernel prototype does not implement this capability; userspace or simulation evidence was not promoted."
"16-325","Phase 16 — Fairness & Starvation","Measure CPU share per process","BLOCKED","ORCHESTRA_Real_Machine_Validation_2026-08-21_100242.md; FINDINGS.md","Not executed: safe ownership-validating infrastructure, exact feature implementation, or required tool was unavailable."
"16-326","Phase 16 — Fairness & Starvation","Measure CPU-share variance","BLOCKED","ORCHESTRA_Real_Machine_Validation_2026-08-21_100242.md; FINDINGS.md","Not executed: safe ownership-validating infrastructure, exact feature implementation, or required tool was unavailable."
"16-327","Phase 16 — Fairness & Starvation","Calculate fairness metric if adopted","BLOCKED","ORCHESTRA_Real_Machine_Validation_2026-08-21_100242.md; FINDINGS.md","Not executed: safe ownership-validating infrastructure, exact feature implementation, or required tool was unavailable."
"16-328","Phase 16 — Fairness & Starvation","Measure waiting time","BLOCKED","ORCHESTRA_Real_Machine_Validation_2026-08-21_100242.md; FINDINGS.md","Not executed: safe ownership-validating infrastructure, exact feature implementation, or required tool was unavailable."
"16-329","Phase 16 — Fairness & Starvation","Measure response time","BLOCKED","ORCHESTRA_Real_Machine_Validation_2026-08-21_100242.md; FINDINGS.md","Not executed: safe ownership-validating infrastructure, exact feature implementation, or required tool was unavailable."
"16-330","Phase 16 — Fairness & Starvation","Measure completion time","BLOCKED","ORCHESTRA_Real_Machine_Validation_2026-08-21_100242.md; FINDINGS.md","Not executed: safe ownership-validating infrastructure, exact feature implementation, or required tool was unavailable."
"16-331","Phase 16 — Fairness & Starvation","Detect starvation","BLOCKED","ORCHESTRA_Real_Machine_Validation_2026-08-21_100242.md; FINDINGS.md","Not executed: safe ownership-validating infrastructure, exact feature implementation, or required tool was unavailable."
"16-332","Phase 16 — Fairness & Starvation","Test long-running task fairness","BLOCKED","ORCHESTRA_Real_Machine_Validation_2026-08-21_100242.md; FINDINGS.md","Not executed: safe ownership-validating infrastructure, exact feature implementation, or required tool was unavailable."
"16-333","Phase 16 — Fairness & Starvation","Test short-task responsiveness","BLOCKED","ORCHESTRA_Real_Machine_Validation_2026-08-21_100242.md; FINDINGS.md","Not executed: safe ownership-validating infrastructure, exact feature implementation, or required tool was unavailable."
"16-334","Phase 16 — Fairness & Starvation","Test interactive responsiveness","BLOCKED","ORCHESTRA_Real_Machine_Validation_2026-08-21_100242.md; FINDINGS.md","Not executed: safe ownership-validating infrastructure, exact feature implementation, or required tool was unavailable."
"16-335","Phase 16 — Fairness & Starvation","Test I/O-bound fairness","BLOCKED","ORCHESTRA_Real_Machine_Validation_2026-08-21_100242.md; FINDINGS.md","Not executed: safe ownership-validating infrastructure, exact feature implementation, or required tool was unavailable."
"16-336","Phase 16 — Fairness & Starvation","Test CPU-bound fairness","BLOCKED","ORCHESTRA_Real_Machine_Validation_2026-08-21_100242.md; FINDINGS.md","Not executed: safe ownership-validating infrastructure, exact feature implementation, or required tool was unavailable."
"17-337","Phase 17 — Migration","Single migration","PASS","workloads/20260821-095235-migrate_observe_3_retry.stdout","Covered by this campaign at the stated evidence scope."
"17-338","Phase 17 — Migration","Repeated migration","PASS","workloads/20260821-095235-migrate_observe_3_retry.stdout","Covered by this campaign at the stated evidence scope."
"17-339","Phase 17 — Migration","Multiple-process migration","BLOCKED","workloads/20260821-095235-migrate_observe_3_retry.stdout","Not executed: safe ownership-validating infrastructure, exact feature implementation, or required tool was unavailable."
"17-340","Phase 17 — Migration","Cross-core migration","PASS","workloads/20260821-095235-migrate_observe_3_retry.stdout","Covered by this campaign at the stated evidence scope."
"17-341","Phase 17 — Migration","Cross-socket migration","BLOCKED","workloads/20260821-095235-migrate_observe_3_retry.stdout","Not executed: safe ownership-validating infrastructure, exact feature implementation, or required tool was unavailable."
"17-342","Phase 17 — Migration","NUMA migration","BLOCKED","workloads/20260821-095235-migrate_observe_3_retry.stdout","Not executed: safe ownership-validating infrastructure, exact feature implementation, or required tool was unavailable."
"17-343","Phase 17 — Migration","Migration under CPU saturation","BLOCKED","workloads/20260821-095235-migrate_observe_3_retry.stdout","Not executed: safe ownership-validating infrastructure, exact feature implementation, or required tool was unavailable."
"17-344","Phase 17 — Migration","Migration under memory pressure","BLOCKED","workloads/20260821-095235-migrate_observe_3_retry.stdout","Not executed: safe ownership-validating infrastructure, exact feature implementation, or required tool was unavailable."
"17-345","Phase 17 — Migration","Migration under thermal pressure","BLOCKED","workloads/20260821-095235-migrate_observe_3_retry.stdout","Not executed: safe ownership-validating infrastructure, exact feature implementation, or required tool was unavailable."
"17-346","Phase 17 — Migration","Detect migration oscillation","BLOCKED","workloads/20260821-095235-migrate_observe_3_retry.stdout","Not executed: safe ownership-validating infrastructure, exact feature implementation, or required tool was unavailable."
"17-347","Phase 17 — Migration","Measure migration overhead","BLOCKED","workloads/20260821-095235-migrate_observe_3_retry.stdout","Not executed: safe ownership-validating infrastructure, exact feature implementation, or required tool was unavailable."
"17-348","Phase 17 — Migration","Measure cache impact","BLOCKED","workloads/20260821-095235-migrate_observe_3_retry.stdout","Not executed: safe ownership-validating infrastructure, exact feature implementation, or required tool was unavailable."
"17-349","Phase 17 — Migration","Measure NUMA locality impact","BLOCKED","workloads/20260821-095235-migrate_observe_3_retry.stdout","Not executed: safe ownership-validating infrastructure, exact feature implementation, or required tool was unavailable."
"18-350","Phase 18 — Failure & Recovery","Signal producer failure","NOT IMPLEMENTED","recovery/20260821-100033-post_unload_snapshot3.stdout; failures/20260821-095736-invalid_cpu_publish.stderr","The checked-out kernel prototype does not implement this capability; userspace or simulation evidence was not promoted."
"18-351","Phase 18 — Failure & Recovery","Signal consumer failure","NOT IMPLEMENTED","recovery/20260821-100033-post_unload_snapshot3.stdout; failures/20260821-095736-invalid_cpu_publish.stderr","The checked-out kernel prototype does not implement this capability; userspace or simulation evidence was not promoted."
"18-352","Phase 18 — Failure & Recovery","Signal corruption","NOT IMPLEMENTED","recovery/20260821-100033-post_unload_snapshot3.stdout; failures/20260821-095736-invalid_cpu_publish.stderr","The checked-out kernel prototype does not implement this capability; userspace or simulation evidence was not promoted."
"18-353","Phase 18 — Failure & Recovery","Signal delay","NOT IMPLEMENTED","recovery/20260821-100033-post_unload_snapshot3.stdout; failures/20260821-095736-invalid_cpu_publish.stderr","The checked-out kernel prototype does not implement this capability; userspace or simulation evidence was not promoted."
"18-354","Phase 18 — Failure & Recovery","Signal loss","NOT IMPLEMENTED","recovery/20260821-100033-post_unload_snapshot3.stdout; failures/20260821-095736-invalid_cpu_publish.stderr","The checked-out kernel prototype does not implement this capability; userspace or simulation evidence was not promoted."
"18-355","Phase 18 — Failure & Recovery","Signal recovery","NOT IMPLEMENTED","recovery/20260821-100033-post_unload_snapshot3.stdout; failures/20260821-095736-invalid_cpu_publish.stderr","The checked-out kernel prototype does not implement this capability; userspace or simulation evidence was not promoted."
"18-356","Phase 18 — Failure & Recovery","Predictor unavailable","NOT IMPLEMENTED","recovery/20260821-100033-post_unload_snapshot3.stdout; failures/20260821-095736-invalid_cpu_publish.stderr","The checked-out kernel prototype does not implement this capability; userspace or simulation evidence was not promoted."
"18-357","Phase 18 — Failure & Recovery","Predictor invalid output","NOT IMPLEMENTED","recovery/20260821-100033-post_unload_snapshot3.stdout; failures/20260821-095736-invalid_cpu_publish.stderr","The checked-out kernel prototype does not implement this capability; userspace or simulation evidence was not promoted."
"18-358","Phase 18 — Failure & Recovery","Predictor timeout","NOT IMPLEMENTED","recovery/20260821-100033-post_unload_snapshot3.stdout; failures/20260821-095736-invalid_cpu_publish.stderr","The checked-out kernel prototype does not implement this capability; userspace or simulation evidence was not promoted."
"18-359","Phase 18 — Failure & Recovery","Prediction-confidence collapse","BLOCKED","recovery/20260821-100033-post_unload_snapshot3.stdout; failures/20260821-095736-invalid_cpu_publish.stderr","Not executed: safe ownership-validating infrastructure, exact feature implementation, or required tool was unavailable."
"18-360","Phase 18 — Failure & Recovery","Fallback to observed state","BLOCKED","recovery/20260821-100033-post_unload_snapshot3.stdout; failures/20260821-095736-invalid_cpu_publish.stderr","Not executed: safe ownership-validating infrastructure, exact feature implementation, or required tool was unavailable."
"18-361","Phase 18 — Failure & Recovery","Predictor recovery","NOT IMPLEMENTED","recovery/20260821-100033-post_unload_snapshot3.stdout; failures/20260821-095736-invalid_cpu_publish.stderr","The checked-out kernel prototype does not implement this capability; userspace or simulation evidence was not promoted."
"18-362","Phase 18 — Failure & Recovery","Policy unavailable","NOT IMPLEMENTED","recovery/20260821-100033-post_unload_snapshot3.stdout; failures/20260821-095736-invalid_cpu_publish.stderr","The checked-out kernel prototype does not implement this capability; userspace or simulation evidence was not promoted."
"18-363","Phase 18 — Failure & Recovery","Invalid policy","NOT IMPLEMENTED","recovery/20260821-100033-post_unload_snapshot3.stdout; failures/20260821-095736-invalid_cpu_publish.stderr","The checked-out kernel prototype does not implement this capability; userspace or simulation evidence was not promoted."
"18-364","Phase 18 — Failure & Recovery","Policy reset","NOT IMPLEMENTED","recovery/20260821-100033-post_unload_snapshot3.stdout; failures/20260821-095736-invalid_cpu_publish.stderr","The checked-out kernel prototype does not implement this capability; userspace or simulation evidence was not promoted."
"18-365","Phase 18 — Failure & Recovery","Policy suspension","NOT IMPLEMENTED","recovery/20260821-100033-post_unload_snapshot3.stdout; failures/20260821-095736-invalid_cpu_publish.stderr","The checked-out kernel prototype does not implement this capability; userspace or simulation evidence was not promoted."
"18-366","Phase 18 — Failure & Recovery","Fallback scheduling","PASS","recovery/20260821-100033-post_unload_snapshot3.stdout; failures/20260821-095736-invalid_cpu_publish.stderr","Covered by this campaign at the stated evidence scope."
"18-367","Phase 18 — Failure & Recovery","Controller disabled","NOT IMPLEMENTED","recovery/20260821-100033-post_unload_snapshot3.stdout; failures/20260821-095736-invalid_cpu_publish.stderr","The checked-out kernel prototype does not implement this capability; userspace or simulation evidence was not promoted."
"18-368","Phase 18 — Failure & Recovery","Controller saturation","NOT IMPLEMENTED","recovery/20260821-100033-post_unload_snapshot3.stdout; failures/20260821-095736-invalid_cpu_publish.stderr","The checked-out kernel prototype does not implement this capability; userspace or simulation evidence was not promoted."
"18-369","Phase 18 — Failure & Recovery","Invalid parameter update","BLOCKED","recovery/20260821-100033-post_unload_snapshot3.stdout; failures/20260821-095736-invalid_cpu_publish.stderr","Not executed: safe ownership-validating infrastructure, exact feature implementation, or required tool was unavailable."
"18-370","Phase 18 — Failure & Recovery","Parameter oscillation","BLOCKED","recovery/20260821-100033-post_unload_snapshot3.stdout; failures/20260821-095736-invalid_cpu_publish.stderr","Not executed: safe ownership-validating infrastructure, exact feature implementation, or required tool was unavailable."
"18-371","Phase 18 — Failure & Recovery","Controller restart","NOT IMPLEMENTED","recovery/20260821-100033-post_unload_snapshot3.stdout; failures/20260821-095736-invalid_cpu_publish.stderr","The checked-out kernel prototype does not implement this capability; userspace or simulation evidence was not promoted."
"18-372","Phase 18 — Failure & Recovery","Controller recovery","NOT IMPLEMENTED","recovery/20260821-100033-post_unload_snapshot3.stdout; failures/20260821-095736-invalid_cpu_publish.stderr","The checked-out kernel prototype does not implement this capability; userspace or simulation evidence was not promoted."
"18-373","Phase 18 — Failure & Recovery","CPU offline/online where supported","BLOCKED","recovery/20260821-100033-post_unload_snapshot3.stdout; failures/20260821-095736-invalid_cpu_publish.stderr","Not executed: safe ownership-validating infrastructure, exact feature implementation, or required tool was unavailable."
"18-374","Phase 18 — Failure & Recovery","Process termination during scheduling","PASS","recovery/20260821-100033-post_unload_snapshot3.stdout; failures/20260821-095736-invalid_cpu_publish.stderr","Covered by this campaign at the stated evidence scope."
"18-375","Phase 18 — Failure & Recovery","Process creation during load","PASS","recovery/20260821-100033-post_unload_snapshot3.stdout; failures/20260821-095736-invalid_cpu_publish.stderr","Covered by this campaign at the stated evidence scope."
"18-376","Phase 18 — Failure & Recovery","CPU hotplug where supported","BLOCKED","recovery/20260821-100033-post_unload_snapshot3.stdout; failures/20260821-095736-invalid_cpu_publish.stderr","Not executed: safe ownership-validating infrastructure, exact feature implementation, or required tool was unavailable."
"18-377","Phase 18 — Failure & Recovery","Memory pressure","BLOCKED","recovery/20260821-100033-post_unload_snapshot3.stdout; failures/20260821-095736-invalid_cpu_publish.stderr","Not executed: safe ownership-validating infrastructure, exact feature implementation, or required tool was unavailable."
"18-378","Phase 18 — Failure & Recovery","Safe scheduler recovery","PASS","recovery/20260821-100033-post_unload_snapshot3.stdout; failures/20260821-095736-invalid_cpu_publish.stderr","Covered by this campaign at the stated evidence scope."
"19-379","Phase 19 — Security / Integrity","Tamper signal","NOT IMPLEMENTED","ORCHESTRA_Real_Machine_Validation_2026-08-21_100242.md; FINDINGS.md","The checked-out kernel prototype does not implement this capability; userspace or simulation evidence was not promoted."
"19-380","Phase 19 — Security / Integrity","Modify CPU value","NOT IMPLEMENTED","ORCHESTRA_Real_Machine_Validation_2026-08-21_100242.md; FINDINGS.md","The checked-out kernel prototype does not implement this capability; userspace or simulation evidence was not promoted."
"19-381","Phase 19 — Security / Integrity","Modify memory value","NOT IMPLEMENTED","ORCHESTRA_Real_Machine_Validation_2026-08-21_100242.md; FINDINGS.md","The checked-out kernel prototype does not implement this capability; userspace or simulation evidence was not promoted."
"19-382","Phase 19 — Security / Integrity","Modify thermal value","NOT IMPLEMENTED","ORCHESTRA_Real_Machine_Validation_2026-08-21_100242.md; FINDINGS.md","The checked-out kernel prototype does not implement this capability; userspace or simulation evidence was not promoted."
"19-383","Phase 19 — Security / Integrity","Modify prediction","NOT IMPLEMENTED","ORCHESTRA_Real_Machine_Validation_2026-08-21_100242.md; FINDINGS.md","The checked-out kernel prototype does not implement this capability; userspace or simulation evidence was not promoted."
"19-384","Phase 19 — Security / Integrity","Modify directive","NOT IMPLEMENTED","ORCHESTRA_Real_Machine_Validation_2026-08-21_100242.md; FINDINGS.md","The checked-out kernel prototype does not implement this capability; userspace or simulation evidence was not promoted."
"19-385","Phase 19 — Security / Integrity","Modify timestamp","NOT IMPLEMENTED","ORCHESTRA_Real_Machine_Validation_2026-08-21_100242.md; FINDINGS.md","The checked-out kernel prototype does not implement this capability; userspace or simulation evidence was not promoted."
"19-386","Phase 19 — Security / Integrity","Modify sequence number","NOT IMPLEMENTED","ORCHESTRA_Real_Machine_Validation_2026-08-21_100242.md; FINDINGS.md","The checked-out kernel prototype does not implement this capability; userspace or simulation evidence was not promoted."
"19-387","Phase 19 — Security / Integrity","Replay old signal","NOT IMPLEMENTED","ORCHESTRA_Real_Machine_Validation_2026-08-21_100242.md; FINDINGS.md","The checked-out kernel prototype does not implement this capability; userspace or simulation evidence was not promoted."
"19-388","Phase 19 — Security / Integrity","Duplicate signal","NOT IMPLEMENTED","ORCHESTRA_Real_Machine_Validation_2026-08-21_100242.md; FINDINGS.md","The checked-out kernel prototype does not implement this capability; userspace or simulation evidence was not promoted."
"19-389","Phase 19 — Security / Integrity","Out-of-order signal","NOT IMPLEMENTED","ORCHESTRA_Real_Machine_Validation_2026-08-21_100242.md; FINDINGS.md","The checked-out kernel prototype does not implement this capability; userspace or simulation evidence was not promoted."
"19-390","Phase 19 — Security / Integrity","Stale signal","NOT IMPLEMENTED","ORCHESTRA_Real_Machine_Validation_2026-08-21_100242.md; FINDINGS.md","The checked-out kernel prototype does not implement this capability; userspace or simulation evidence was not promoted."
"19-391","Phase 19 — Security / Integrity","Invalid authentication","NOT IMPLEMENTED","ORCHESTRA_Real_Machine_Validation_2026-08-21_100242.md; FINDINGS.md","The checked-out kernel prototype does not implement this capability; userspace or simulation evidence was not promoted."
"19-392","Phase 19 — Security / Integrity","For each invalid frame verify detection, rejection, no scheduler corruption, safe fallback, diagnostic event and recovery","NOT IMPLEMENTED","ORCHESTRA_Real_Machine_Validation_2026-08-21_100242.md; FINDINGS.md","The checked-out kernel prototype does not implement this capability; userspace or simulation evidence was not promoted."
"20-393","Phase 20 — Multi-Core","Run core-1 test","BLOCKED","ORCHESTRA_Real_Machine_Validation_2026-08-21_100242.md; FINDINGS.md","Not executed: safe ownership-validating infrastructure, exact feature implementation, or required tool was unavailable."
"20-394","Phase 20 — Multi-Core","Run core-2 test","BLOCKED","ORCHESTRA_Real_Machine_Validation_2026-08-21_100242.md; FINDINGS.md","Not executed: safe ownership-validating infrastructure, exact feature implementation, or required tool was unavailable."
"20-395","Phase 20 — Multi-Core","Run core-4 test","BLOCKED","ORCHESTRA_Real_Machine_Validation_2026-08-21_100242.md; FINDINGS.md","Not executed: safe ownership-validating infrastructure, exact feature implementation, or required tool was unavailable."
"20-396","Phase 20 — Multi-Core","Run core-8 test","BLOCKED","ORCHESTRA_Real_Machine_Validation_2026-08-21_100242.md; FINDINGS.md","Not executed: safe ownership-validating infrastructure, exact feature implementation, or required tool was unavailable."
"20-397","Phase 20 — Multi-Core","Run core-16+ test if available","BLOCKED","ORCHESTRA_Real_Machine_Validation_2026-08-21_100242.md; FINDINGS.md","Not executed: safe ownership-validating infrastructure, exact feature implementation, or required tool was unavailable."
"20-398","Phase 20 — Multi-Core","For each configuration measure scheduling latency, Q, CPU utilization, migration rate, signal propagation latency, synchronization overhead, memory overhead and cache effects","BLOCKED","ORCHESTRA_Real_Machine_Validation_2026-08-21_100242.md; FINDINGS.md","Not executed: safe ownership-validating infrastructure, exact feature implementation, or required tool was unavailable."
"21-399","Phase 21 — NUMA","Detect NUMA topology","PASS","ORCHESTRA_Real_Machine_Validation_2026-08-21_100242.md; FINDINGS.md","Covered by this campaign at the stated evidence scope."
"21-400","Phase 21 — NUMA","Verify node-local signals","BLOCKED","ORCHESTRA_Real_Machine_Validation_2026-08-21_100242.md; FINDINGS.md","Not executed: safe ownership-validating infrastructure, exact feature implementation, or required tool was unavailable."
"21-401","Phase 21 — NUMA","Verify system-level signals","BLOCKED","ORCHESTRA_Real_Machine_Validation_2026-08-21_100242.md; FINDINGS.md","Not executed: safe ownership-validating infrastructure, exact feature implementation, or required tool was unavailable."
"21-402","Phase 21 — NUMA","Run local-memory workload","BLOCKED","ORCHESTRA_Real_Machine_Validation_2026-08-21_100242.md; FINDINGS.md","Not executed: safe ownership-validating infrastructure, exact feature implementation, or required tool was unavailable."
"21-403","Phase 21 — NUMA","Run remote-memory workload","BLOCKED","ORCHESTRA_Real_Machine_Validation_2026-08-21_100242.md; FINDINGS.md","Not executed: safe ownership-validating infrastructure, exact feature implementation, or required tool was unavailable."
"21-404","Phase 21 — NUMA","Cross-node migration","BLOCKED","ORCHESTRA_Real_Machine_Validation_2026-08-21_100242.md; FINDINGS.md","Not executed: safe ownership-validating infrastructure, exact feature implementation, or required tool was unavailable."
"21-405","Phase 21 — NUMA","Memory-locality-aware scheduling","NOT IMPLEMENTED","ORCHESTRA_Real_Machine_Validation_2026-08-21_100242.md; FINDINGS.md","The checked-out kernel prototype does not implement this capability; userspace or simulation evidence was not promoted."
"21-406","Phase 21 — NUMA","Measure remote-memory access","BLOCKED","ORCHESTRA_Real_Machine_Validation_2026-08-21_100242.md; FINDINGS.md","Not executed: safe ownership-validating infrastructure, exact feature implementation, or required tool was unavailable."
"21-407","Phase 21 — NUMA","Measure NUMA migration overhead","BLOCKED","ORCHESTRA_Real_Machine_Validation_2026-08-21_100242.md; FINDINGS.md","Not executed: safe ownership-validating infrastructure, exact feature implementation, or required tool was unavailable."
"21-408","Phase 21 — NUMA","Measure coordination per NUMA domain","BLOCKED","ORCHESTRA_Real_Machine_Validation_2026-08-21_100242.md; FINDINGS.md","Not executed: safe ownership-validating infrastructure, exact feature implementation, or required tool was unavailable."
"21-409","Phase 21 — NUMA","Measure global coordination","BLOCKED","ORCHESTRA_Real_Machine_Validation_2026-08-21_100242.md; FINDINGS.md","Not executed: safe ownership-validating infrastructure, exact feature implementation, or required tool was unavailable."
"22-410","Phase 22 — Scalability","Increase task count","BLOCKED","ORCHESTRA_Real_Machine_Validation_2026-08-21_100242.md; FINDINGS.md","Not executed: safe ownership-validating infrastructure, exact feature implementation, or required tool was unavailable."
"22-411","Phase 22 — Scalability","Increase CPU count","BLOCKED","ORCHESTRA_Real_Machine_Validation_2026-08-21_100242.md; FINDINGS.md","Not executed: safe ownership-validating infrastructure, exact feature implementation, or required tool was unavailable."
"22-412","Phase 22 — Scalability","Increase scheduling-domain size","BLOCKED","ORCHESTRA_Real_Machine_Validation_2026-08-21_100242.md; FINDINGS.md","Not executed: safe ownership-validating infrastructure, exact feature implementation, or required tool was unavailable."
"22-413","Phase 22 — Scalability","Increase NUMA-node count if available","BLOCKED","ORCHESTRA_Real_Machine_Validation_2026-08-21_100242.md; FINDINGS.md","Not executed: safe ownership-validating infrastructure, exact feature implementation, or required tool was unavailable."
"22-414","Phase 22 — Scalability","Measure scheduling latency","BLOCKED","ORCHESTRA_Real_Machine_Validation_2026-08-21_100242.md; FINDINGS.md","Not executed: safe ownership-validating infrastructure, exact feature implementation, or required tool was unavailable."
"22-415","Phase 22 — Scalability","Signal latency","BLOCKED","ORCHESTRA_Real_Machine_Validation_2026-08-21_100242.md; FINDINGS.md","Not executed: safe ownership-validating infrastructure, exact feature implementation, or required tool was unavailable."
"22-416","Phase 22 — Scalability","Signal Bus overhead","BLOCKED","ORCHESTRA_Real_Machine_Validation_2026-08-21_100242.md; FINDINGS.md","Not executed: safe ownership-validating infrastructure, exact feature implementation, or required tool was unavailable."
"22-417","Phase 22 — Scalability","Coordination cost","BLOCKED","ORCHESTRA_Real_Machine_Validation_2026-08-21_100242.md; FINDINGS.md","Not executed: safe ownership-validating infrastructure, exact feature implementation, or required tool was unavailable."
"22-418","Phase 22 — Scalability","Controller cost","BLOCKED","ORCHESTRA_Real_Machine_Validation_2026-08-21_100242.md; FINDINGS.md","Not executed: safe ownership-validating infrastructure, exact feature implementation, or required tool was unavailable."
"22-419","Phase 22 — Scalability","Memory footprint","BLOCKED","ORCHESTRA_Real_Machine_Validation_2026-08-21_100242.md; FINDINGS.md","Not executed: safe ownership-validating infrastructure, exact feature implementation, or required tool was unavailable."
"22-420","Phase 22 — Scalability","CPU overhead","BLOCKED","ORCHESTRA_Real_Machine_Validation_2026-08-21_100242.md; FINDINGS.md","Not executed: safe ownership-validating infrastructure, exact feature implementation, or required tool was unavailable."
"22-421","Phase 22 — Scalability","Migration overhead","BLOCKED","ORCHESTRA_Real_Machine_Validation_2026-08-21_100242.md; FINDINGS.md","Not executed: safe ownership-validating infrastructure, exact feature implementation, or required tool was unavailable."
"22-422","Phase 22 — Scalability","Q","BLOCKED","ORCHESTRA_Real_Machine_Validation_2026-08-21_100242.md; FINDINGS.md","Not executed: safe ownership-validating infrastructure, exact feature implementation, or required tool was unavailable."
"22-423","Phase 22 — Scalability","throughput","BLOCKED","ORCHESTRA_Real_Machine_Validation_2026-08-21_100242.md; FINDINGS.md","Not executed: safe ownership-validating infrastructure, exact feature implementation, or required tool was unavailable."
"22-424","Phase 22 — Scalability","scalability limit","BLOCKED","ORCHESTRA_Real_Machine_Validation_2026-08-21_100242.md; FINDINGS.md","Not executed: safe ownership-validating infrastructure, exact feature implementation, or required tool was unavailable."
"23-425","Phase 23 — Baseline & Ablation","Linux scheduler baseline","PASS","baseline/20260821-094943-baseline_fixed_work_retry2.stdout; baseline/20260821-095844-baseline_summary_retry.stdout","Covered by this campaign at the stated evidence scope."
"23-426","Phase 23 — Baseline & Ablation","ORCHESTRA infrastructure with adaptive behavior disabled if available","BLOCKED","baseline/20260821-094943-baseline_fixed_work_retry2.stdout; baseline/20260821-095844-baseline_summary_retry.stdout","Not executed: safe ownership-validating infrastructure, exact feature implementation, or required tool was unavailable."
"23-427","Phase 23 — Baseline & Ablation","Full ORCHESTRA","INCONCLUSIVE","baseline/20260821-094943-baseline_fixed_work_retry2.stdout; baseline/20260821-095844-baseline_summary_retry.stdout","Partial evidence exists, but the exact checklist claim was not fully demonstrated."
"23-428","Phase 23 — Baseline & Ablation","Ablation: prediction OFF","BLOCKED","baseline/20260821-094943-baseline_fixed_work_retry2.stdout; baseline/20260821-095844-baseline_summary_retry.stdout","Not executed: safe ownership-validating infrastructure, exact feature implementation, or required tool was unavailable."
"23-429","Phase 23 — Baseline & Ablation","Ablation: adaptation OFF","BLOCKED","baseline/20260821-094943-baseline_fixed_work_retry2.stdout; baseline/20260821-095844-baseline_summary_retry.stdout","Not executed: safe ownership-validating infrastructure, exact feature implementation, or required tool was unavailable."
"23-430","Phase 23 — Baseline & Ablation","Ablation: feedback controller OFF","BLOCKED","baseline/20260821-094943-baseline_fixed_work_retry2.stdout; baseline/20260821-095844-baseline_summary_retry.stdout","Not executed: safe ownership-validating infrastructure, exact feature implementation, or required tool was unavailable."
"23-431","Phase 23 — Baseline & Ablation","Ablation: anti-synchronization OFF","BLOCKED","baseline/20260821-094943-baseline_fixed_work_retry2.stdout; baseline/20260821-095844-baseline_summary_retry.stdout","Not executed: safe ownership-validating infrastructure, exact feature implementation, or required tool was unavailable."
"23-432","Phase 23 — Baseline & Ablation","Ablation: consensus mechanism OFF","BLOCKED","baseline/20260821-094943-baseline_fixed_work_retry2.stdout; baseline/20260821-095844-baseline_summary_retry.stdout","Not executed: safe ownership-validating infrastructure, exact feature implementation, or required tool was unavailable."
"23-433","Phase 23 — Baseline & Ablation","Ablation: monitoring OFF","BLOCKED","baseline/20260821-094943-baseline_fixed_work_retry2.stdout; baseline/20260821-095844-baseline_summary_retry.stdout","Not executed: safe ownership-validating infrastructure, exact feature implementation, or required tool was unavailable."
"23-434","Phase 23 — Baseline & Ablation","Use identical hardware/workload/duration/parameters across comparable runs","INCONCLUSIVE","baseline/20260821-094943-baseline_fixed_work_retry2.stdout; baseline/20260821-095844-baseline_summary_retry.stdout","Partial evidence exists, but the exact checklist claim was not fully demonstrated."
"24-435","Phase 24 — Statistical Validation","Repeat each major experiment","PASS","baseline/20260821-094943-baseline_fixed_work_retry2.stdout; baseline/20260821-095844-baseline_summary_retry.stdout","Covered by this campaign at the stated evidence scope."
"24-436","Phase 24 — Statistical Validation","Use controlled random seeds where applicable","BLOCKED","baseline/20260821-094943-baseline_fixed_work_retry2.stdout; baseline/20260821-095844-baseline_summary_retry.stdout","Not executed: safe ownership-validating infrastructure, exact feature implementation, or required tool was unavailable."
"24-437","Phase 24 — Statistical Validation","Record every run","PASS","baseline/20260821-094943-baseline_fixed_work_retry2.stdout; baseline/20260821-095844-baseline_summary_retry.stdout","Covered by this campaign at the stated evidence scope."
"24-438","Phase 24 — Statistical Validation","Calculate mean","PASS","baseline/20260821-094943-baseline_fixed_work_retry2.stdout; baseline/20260821-095844-baseline_summary_retry.stdout","Covered by this campaign at the stated evidence scope."
"24-439","Phase 24 — Statistical Validation","Median","PASS","baseline/20260821-094943-baseline_fixed_work_retry2.stdout; baseline/20260821-095844-baseline_summary_retry.stdout","Covered by this campaign at the stated evidence scope."
"24-440","Phase 24 — Statistical Validation","Standard deviation","PASS","baseline/20260821-094943-baseline_fixed_work_retry2.stdout; baseline/20260821-095844-baseline_summary_retry.stdout","Covered by this campaign at the stated evidence scope."
"24-441","Phase 24 — Statistical Validation","Minimum","PASS","baseline/20260821-094943-baseline_fixed_work_retry2.stdout; baseline/20260821-095844-baseline_summary_retry.stdout","Covered by this campaign at the stated evidence scope."
"24-442","Phase 24 — Statistical Validation","Maximum","PASS","baseline/20260821-094943-baseline_fixed_work_retry2.stdout; baseline/20260821-095844-baseline_summary_retry.stdout","Covered by this campaign at the stated evidence scope."
"24-443","Phase 24 — Statistical Validation","Confidence interval where appropriate","BLOCKED","baseline/20260821-094943-baseline_fixed_work_retry2.stdout; baseline/20260821-095844-baseline_summary_retry.stdout","Not executed: safe ownership-validating infrastructure, exact feature implementation, or required tool was unavailable."
"24-444","Phase 24 — Statistical Validation","Analyze outliers","BLOCKED","baseline/20260821-094943-baseline_fixed_work_retry2.stdout; baseline/20260821-095844-baseline_summary_retry.stdout","Not executed: safe ownership-validating infrastructure, exact feature implementation, or required tool was unavailable."
"24-445","Phase 24 — Statistical Validation","Compare distributions","BLOCKED","baseline/20260821-094943-baseline_fixed_work_retry2.stdout; baseline/20260821-095844-baseline_summary_retry.stdout","Not executed: safe ownership-validating infrastructure, exact feature implementation, or required tool was unavailable."
"24-446","Phase 24 — Statistical Validation","Report effect size where appropriate","BLOCKED","baseline/20260821-094943-baseline_fixed_work_retry2.stdout; baseline/20260821-095844-baseline_summary_retry.stdout","Not executed: safe ownership-validating infrastructure, exact feature implementation, or required tool was unavailable."
"24-447","Phase 24 — Statistical Validation","Report workload variability","BLOCKED","baseline/20260821-094943-baseline_fixed_work_retry2.stdout; baseline/20260821-095844-baseline_summary_retry.stdout","Not executed: safe ownership-validating infrastructure, exact feature implementation, or required tool was unavailable."
"24-448","Phase 24 — Statistical Validation","Perform multi-seed validation","BLOCKED","baseline/20260821-094943-baseline_fixed_work_retry2.stdout; baseline/20260821-095844-baseline_summary_retry.stdout","Not executed: safe ownership-validating infrastructure, exact feature implementation, or required tool was unavailable."
"25-449","Phase 25 — Reproducibility","Archive hardware configuration","PASS","COMMANDS.log; environment/20260821-095919-final_repo_state.stdout","Covered by this campaign at the stated evidence scope."
"25-450","Phase 25 — Reproducibility","Archive kernel source/commit","PASS","COMMANDS.log; environment/20260821-095919-final_repo_state.stdout","Covered by this campaign at the stated evidence scope."
"25-451","Phase 25 — Reproducibility","Archive ORCHESTRA commit","PASS","COMMANDS.log; environment/20260821-095919-final_repo_state.stdout","Covered by this campaign at the stated evidence scope."
"25-452","Phase 25 — Reproducibility","Save kernel .config","INCONCLUSIVE","COMMANDS.log; environment/20260821-095919-final_repo_state.stdout","Partial evidence exists, but the exact checklist claim was not fully demonstrated."
"25-453","Phase 25 — Reproducibility","Record compiler/toolchain","PASS","COMMANDS.log; environment/20260821-095919-final_repo_state.stdout","Covered by this campaign at the stated evidence scope."
"25-454","Phase 25 — Reproducibility","Archive workload source/version","BLOCKED","COMMANDS.log; environment/20260821-095919-final_repo_state.stdout","Not executed: safe ownership-validating infrastructure, exact feature implementation, or required tool was unavailable."
"25-455","Phase 25 — Reproducibility","Record benchmark version","INCONCLUSIVE","COMMANDS.log; environment/20260821-095919-final_repo_state.stdout","Partial evidence exists, but the exact checklist claim was not fully demonstrated."
"25-456","Phase 25 — Reproducibility","Save parameters","INCONCLUSIVE","COMMANDS.log; environment/20260821-095919-final_repo_state.stdout","Partial evidence exists, but the exact checklist claim was not fully demonstrated."
"25-457","Phase 25 — Reproducibility","Save random seeds","BLOCKED","COMMANDS.log; environment/20260821-095919-final_repo_state.stdout","Not executed: safe ownership-validating infrastructure, exact feature implementation, or required tool was unavailable."
"25-458","Phase 25 — Reproducibility","Save test scripts","PASS","COMMANDS.log; environment/20260821-095919-final_repo_state.stdout","Covered by this campaign at the stated evidence scope."
"25-459","Phase 25 — Reproducibility","Document trace format","INCONCLUSIVE","COMMANDS.log; environment/20260821-095919-final_repo_state.stdout","Partial evidence exists, but the exact checklist claim was not fully demonstrated."
"25-460","Phase 25 — Reproducibility","Preserve raw measurements","PASS","COMMANDS.log; environment/20260821-095919-final_repo_state.stdout","Covered by this campaign at the stated evidence scope."
"25-461","Phase 25 — Reproducibility","Preserve analysis scripts","BLOCKED","COMMANDS.log; environment/20260821-095919-final_repo_state.stdout","Not executed: safe ownership-validating infrastructure, exact feature implementation, or required tool was unavailable."
"25-462","Phase 25 — Reproducibility","Ensure figures/tables are reproducible","BLOCKED","COMMANDS.log; environment/20260821-095919-final_repo_state.stdout","Not executed: safe ownership-validating infrastructure, exact feature implementation, or required tool was unavailable."
"25-463","Phase 25 — Reproducibility","Archive baseline and ORCHESTRA results","PASS","COMMANDS.log; environment/20260821-095919-final_repo_state.stdout","Covered by this campaign at the stated evidence scope."
"26-464","Phase 26 — Final Acceptance","Functional: kernel boots","PASS","ORCHESTRA_Real_Machine_Validation_2026-08-21_100242.md; FINDINGS.md","Covered by this campaign at the stated evidence scope."
"26-465","Phase 26 — Final Acceptance","Scheduler works","PASS","ORCHESTRA_Real_Machine_Validation_2026-08-21_100242.md; FINDINGS.md","Covered by this campaign at the stated evidence scope."
"26-466","Phase 26 — Final Acceptance","Signal Bus works","NOT IMPLEMENTED","ORCHESTRA_Real_Machine_Validation_2026-08-21_100242.md; FINDINGS.md","The checked-out kernel prototype does not implement this capability; userspace or simulation evidence was not promoted."
"26-467","Phase 26 — Final Acceptance","Predictor works","NOT IMPLEMENTED","ORCHESTRA_Real_Machine_Validation_2026-08-21_100242.md; FINDINGS.md","The checked-out kernel prototype does not implement this capability; userspace or simulation evidence was not promoted."
"26-468","Phase 26 — Final Acceptance","Adaptive scheduler works","PASS","ORCHESTRA_Real_Machine_Validation_2026-08-21_100242.md; FINDINGS.md","Covered by this campaign at the stated evidence scope."
"26-469","Phase 26 — Final Acceptance","Coordination measurement works","NOT IMPLEMENTED","ORCHESTRA_Real_Machine_Validation_2026-08-21_100242.md; FINDINGS.md","The checked-out kernel prototype does not implement this capability; userspace or simulation evidence was not promoted."
"26-470","Phase 26 — Final Acceptance","Feedback controller works","NOT IMPLEMENTED","ORCHESTRA_Real_Machine_Validation_2026-08-21_100242.md; FINDINGS.md","The checked-out kernel prototype does not implement this capability; userspace or simulation evidence was not promoted."
"26-471","Phase 26 — Final Acceptance","Monitoring works","INCONCLUSIVE","ORCHESTRA_Real_Machine_Validation_2026-08-21_100242.md; FINDINGS.md","Partial evidence exists, but the exact checklist claim was not fully demonstrated."
"26-472","Phase 26 — Final Acceptance","Conventional Linux scheduling works","PASS","ORCHESTRA_Real_Machine_Validation_2026-08-21_100242.md; FINDINGS.md","Covered by this campaign at the stated evidence scope."
"26-473","Phase 26 — Final Acceptance","RT safety path works","NOT IMPLEMENTED","ORCHESTRA_Real_Machine_Validation_2026-08-21_100242.md; FINDINGS.md","The checked-out kernel prototype does not implement this capability; userspace or simulation evidence was not promoted."
"26-474","Phase 26 — Final Acceptance","Correctness: signals correct","NOT IMPLEMENTED","ORCHESTRA_Real_Machine_Validation_2026-08-21_100242.md; FINDINGS.md","The checked-out kernel prototype does not implement this capability; userspace or simulation evidence was not promoted."
"26-475","Phase 26 — Final Acceptance","Predictions measurable","NOT IMPLEMENTED","ORCHESTRA_Real_Machine_Validation_2026-08-21_100242.md; FINDINGS.md","The checked-out kernel prototype does not implement this capability; userspace or simulation evidence was not promoted."
"26-476","Phase 26 — Final Acceptance","Invalid signals rejected","NOT IMPLEMENTED","ORCHESTRA_Real_Machine_Validation_2026-08-21_100242.md; FINDINGS.md","The checked-out kernel prototype does not implement this capability; userspace or simulation evidence was not promoted."
"26-477","Phase 26 — Final Acceptance","Scheduling actions correct","INCONCLUSIVE","ORCHESTRA_Real_Machine_Validation_2026-08-21_100242.md; FINDINGS.md","Partial evidence exists, but the exact checklist claim was not fully demonstrated."
"26-478","Phase 26 — Final Acceptance","Q calculated correctly","NOT IMPLEMENTED","ORCHESTRA_Real_Machine_Validation_2026-08-21_100242.md; FINDINGS.md","The checked-out kernel prototype does not implement this capability; userspace or simulation evidence was not promoted."
"26-479","Phase 26 — Final Acceptance","Controller targets correct deficit","NOT IMPLEMENTED","ORCHESTRA_Real_Machine_Validation_2026-08-21_100242.md; FINDINGS.md","The checked-out kernel prototype does not implement this capability; userspace or simulation evidence was not promoted."
"26-480","Phase 26 — Final Acceptance","No scheduler corruption","PASS","ORCHESTRA_Real_Machine_Validation_2026-08-21_100242.md; FINDINGS.md","Covered by this campaign at the stated evidence scope."
"26-481","Phase 26 — Final Acceptance","No deadlock","PASS","ORCHESTRA_Real_Machine_Validation_2026-08-21_100242.md; FINDINGS.md","Covered by this campaign at the stated evidence scope."
"26-482","Phase 26 — Final Acceptance","No starvation","INCONCLUSIVE","ORCHESTRA_Real_Machine_Validation_2026-08-21_100242.md; FINDINGS.md","Partial evidence exists, but the exact checklist claim was not fully demonstrated."
"26-483","Phase 26 — Final Acceptance","Performance: scheduler overhead quantified","INCONCLUSIVE","ORCHESTRA_Real_Machine_Validation_2026-08-21_100242.md; FINDINGS.md","Partial evidence exists, but the exact checklist claim was not fully demonstrated."
"26-484","Phase 26 — Final Acceptance","prediction overhead quantified","INCONCLUSIVE","ORCHESTRA_Real_Machine_Validation_2026-08-21_100242.md; FINDINGS.md","Partial evidence exists, but the exact checklist claim was not fully demonstrated."
"26-485","Phase 26 — Final Acceptance","Signal overhead quantified","INCONCLUSIVE","ORCHESTRA_Real_Machine_Validation_2026-08-21_100242.md; FINDINGS.md","Partial evidence exists, but the exact checklist claim was not fully demonstrated."
"26-486","Phase 26 — Final Acceptance","integrity overhead quantified","INCONCLUSIVE","ORCHESTRA_Real_Machine_Validation_2026-08-21_100242.md; FINDINGS.md","Partial evidence exists, but the exact checklist claim was not fully demonstrated."
"26-487","Phase 26 — Final Acceptance","coordination overhead quantified","INCONCLUSIVE","ORCHESTRA_Real_Machine_Validation_2026-08-21_100242.md; FINDINGS.md","Partial evidence exists, but the exact checklist claim was not fully demonstrated."
"26-488","Phase 26 — Final Acceptance","controller overhead quantified","INCONCLUSIVE","ORCHESTRA_Real_Machine_Validation_2026-08-21_100242.md; FINDINGS.md","Partial evidence exists, but the exact checklist claim was not fully demonstrated."
"26-489","Phase 26 — Final Acceptance","monitoring overhead quantified","INCONCLUSIVE","ORCHESTRA_Real_Machine_Validation_2026-08-21_100242.md; FINDINGS.md","Partial evidence exists, but the exact checklist claim was not fully demonstrated."
"26-490","Phase 26 — Final Acceptance","Behavioral: no thundering herd","NOT IMPLEMENTED","ORCHESTRA_Real_Machine_Validation_2026-08-21_100242.md; FINDINGS.md","The checked-out kernel prototype does not implement this capability; userspace or simulation evidence was not promoted."
"26-491","Phase 26 — Final Acceptance","no synchronized migration oscillation","NOT IMPLEMENTED","ORCHESTRA_Real_Machine_Validation_2026-08-21_100242.md; FINDINGS.md","The checked-out kernel prototype does not implement this capability; userspace or simulation evidence was not promoted."
"26-492","Phase 26 — Final Acceptance","stable adaptation","NOT IMPLEMENTED","ORCHESTRA_Real_Machine_Validation_2026-08-21_100242.md; FINDINGS.md","The checked-out kernel prototype does not implement this capability; userspace or simulation evidence was not promoted."
"26-493","Phase 26 — Final Acceptance","stable Q","NOT IMPLEMENTED","ORCHESTRA_Real_Machine_Validation_2026-08-21_100242.md; FINDINGS.md","The checked-out kernel prototype does not implement this capability; userspace or simulation evidence was not promoted."
"26-494","Phase 26 — Final Acceptance","good resource utilization","BLOCKED","ORCHESTRA_Real_Machine_Validation_2026-08-21_100242.md; FINDINGS.md","Not executed: safe ownership-validating infrastructure, exact feature implementation, or required tool was unavailable."
"26-495","Phase 26 — Final Acceptance","acceptable fairness","INCONCLUSIVE","ORCHESTRA_Real_Machine_Validation_2026-08-21_100242.md; FINDINGS.md","Partial evidence exists, but the exact checklist claim was not fully demonstrated."
"26-496","Phase 26 — Final Acceptance","acceptable responsiveness","INCONCLUSIVE","ORCHESTRA_Real_Machine_Validation_2026-08-21_100242.md; FINDINGS.md","Partial evidence exists, but the exact checklist claim was not fully demonstrated."
"26-497","Phase 26 — Final Acceptance","Robustness: CPU stress","PASS","ORCHESTRA_Real_Machine_Validation_2026-08-21_100242.md; FINDINGS.md","Covered by this campaign at the stated evidence scope."
"26-498","Phase 26 — Final Acceptance","memory stress","PASS","ORCHESTRA_Real_Machine_Validation_2026-08-21_100242.md; FINDINGS.md","Covered by this campaign at the stated evidence scope."
"26-499","Phase 26 — Final Acceptance","I/O stress","PASS","ORCHESTRA_Real_Machine_Validation_2026-08-21_100242.md; FINDINGS.md","Covered by this campaign at the stated evidence scope."
"26-500","Phase 26 — Final Acceptance","network stress","NOT IMPLEMENTED","ORCHESTRA_Real_Machine_Validation_2026-08-21_100242.md; FINDINGS.md","The checked-out kernel prototype does not implement this capability; userspace or simulation evidence was not promoted."
"26-501","Phase 26 — Final Acceptance","thermal stress","NOT IMPLEMENTED","ORCHESTRA_Real_Machine_Validation_2026-08-21_100242.md; FINDINGS.md","The checked-out kernel prototype does not implement this capability; userspace or simulation evidence was not promoted."
"26-502","Phase 26 — Final Acceptance","dynamic workload","NOT IMPLEMENTED","ORCHESTRA_Real_Machine_Validation_2026-08-21_100242.md; FINDINGS.md","The checked-out kernel prototype does not implement this capability; userspace or simulation evidence was not promoted."
"26-503","Phase 26 — Final Acceptance","long-duration execution","INCONCLUSIVE","ORCHESTRA_Real_Machine_Validation_2026-08-21_100242.md; FINDINGS.md","Partial evidence exists, but the exact checklist claim was not fully demonstrated."
"26-504","Phase 26 — Final Acceptance","failure recovery","INCONCLUSIVE","ORCHESTRA_Real_Machine_Validation_2026-08-21_100242.md; FINDINGS.md","Partial evidence exists, but the exact checklist claim was not fully demonstrated."
"26-505","Phase 26 — Final Acceptance","Security: tamper detection","NOT IMPLEMENTED","ORCHESTRA_Real_Machine_Validation_2026-08-21_100242.md; FINDINGS.md","The checked-out kernel prototype does not implement this capability; userspace or simulation evidence was not promoted."
"26-506","Phase 26 — Final Acceptance","replay rejection","NOT IMPLEMENTED","ORCHESTRA_Real_Machine_Validation_2026-08-21_100242.md; FINDINGS.md","The checked-out kernel prototype does not implement this capability; userspace or simulation evidence was not promoted."
"26-507","Phase 26 — Final Acceptance","stale-frame rejection","NOT IMPLEMENTED","ORCHESTRA_Real_Machine_Validation_2026-08-21_100242.md; FINDINGS.md","The checked-out kernel prototype does not implement this capability; userspace or simulation evidence was not promoted."
"26-508","Phase 26 — Final Acceptance","sequence validation","NOT IMPLEMENTED","ORCHESTRA_Real_Machine_Validation_2026-08-21_100242.md; FINDINGS.md","The checked-out kernel prototype does not implement this capability; userspace or simulation evidence was not promoted."
"26-509","Phase 26 — Final Acceptance","authentication validation","NOT IMPLEMENTED","ORCHESTRA_Real_Machine_Validation_2026-08-21_100242.md; FINDINGS.md","The checked-out kernel prototype does not implement this capability; userspace or simulation evidence was not promoted."
"26-510","Phase 26 — Final Acceptance","safe fallback","BLOCKED","ORCHESTRA_Real_Machine_Validation_2026-08-21_100242.md; FINDINGS.md","Not executed: safe ownership-validating infrastructure, exact feature implementation, or required tool was unavailable."
"26-511","Phase 26 — Final Acceptance","recovery","BLOCKED","ORCHESTRA_Real_Machine_Validation_2026-08-21_100242.md; FINDINGS.md","Not executed: safe ownership-validating infrastructure, exact feature implementation, or required tool was unavailable."
"26-512","Phase 26 — Final Acceptance","Scientific evidence: baseline comparison","PASS","ORCHESTRA_Real_Machine_Validation_2026-08-21_100242.md; FINDINGS.md","Covered by this campaign at the stated evidence scope."
"26-513","Phase 26 — Final Acceptance","repeated trials","PASS","ORCHESTRA_Real_Machine_Validation_2026-08-21_100242.md; FINDINGS.md","Covered by this campaign at the stated evidence scope."
"26-514","Phase 26 — Final Acceptance","multi-seed evaluation","NOT IMPLEMENTED","ORCHESTRA_Real_Machine_Validation_2026-08-21_100242.md; FINDINGS.md","The checked-out kernel prototype does not implement this capability; userspace or simulation evidence was not promoted."
"26-515","Phase 26 — Final Acceptance","statistical analysis","INCONCLUSIVE","ORCHESTRA_Real_Machine_Validation_2026-08-21_100242.md; FINDINGS.md","Partial evidence exists, but the exact checklist claim was not fully demonstrated."
"26-516","Phase 26 — Final Acceptance","ablation study","NOT IMPLEMENTED","ORCHESTRA_Real_Machine_Validation_2026-08-21_100242.md; FINDINGS.md","The checked-out kernel prototype does not implement this capability; userspace or simulation evidence was not promoted."
"26-517","Phase 26 — Final Acceptance","raw dataset archived","PASS","ORCHESTRA_Real_Machine_Validation_2026-08-21_100242.md; FINDINGS.md","Covered by this campaign at the stated evidence scope."
"26-518","Phase 26 — Final Acceptance","logs archived","PASS","ORCHESTRA_Real_Machine_Validation_2026-08-21_100242.md; FINDINGS.md","Covered by this campaign at the stated evidence scope."
"26-519","Phase 26 — Final Acceptance","reproduction procedure documented","PASS","ORCHESTRA_Real_Machine_Validation_2026-08-21_100242.md; FINDINGS.md","Covered by this campaign at the stated evidence scope."
