item_id,phase,item,status,reason_code,test_ids,evidence,severity,notes
00-001,Phase 0 — Test Governance & Baseline,Assign unique test-run ID,PASS,PASS,00-001,../real-machine-20260821-094227-kali-2qqYxp/environment/20260821-094317-host_inventory.stdout; ../real-machine-20260821-094227-kali-2qqYxp/environment/20260821-094437-kernel_health_before.stdout,INFORMATIONAL,Covered by this campaign at the stated evidence scope.
00-002,Phase 0 — Test Governance & Baseline,Record date/time and operator,PASS,PASS,00-002,../real-machine-20260821-094227-kali-2qqYxp/environment/20260821-094317-host_inventory.stdout; ../real-machine-20260821-094227-kali-2qqYxp/environment/20260821-094437-kernel_health_before.stdout,INFORMATIONAL,Covered by this campaign at the stated evidence scope.
00-003,Phase 0 — Test Governance & Baseline,Record ORCHESTRA-OS version/commit,PASS,PASS,00-003,../real-machine-20260821-094227-kali-2qqYxp/environment/20260821-094317-host_inventory.stdout; ../real-machine-20260821-094227-kali-2qqYxp/environment/20260821-094437-kernel_health_before.stdout,INFORMATIONAL,Covered by this campaign at the stated evidence scope.
00-004,Phase 0 — Test Governance & Baseline,Record Linux kernel version,PASS,PASS,00-004,../real-machine-20260821-094227-kali-2qqYxp/environment/20260821-094317-host_inventory.stdout; ../real-machine-20260821-094227-kali-2qqYxp/environment/20260821-094437-kernel_health_before.stdout,INFORMATIONAL,Covered by this campaign at the stated evidence scope.
00-005,Phase 0 — Test Governance & Baseline,Record compiler/toolchain version,PASS,PASS,00-005,../real-machine-20260821-094227-kali-2qqYxp/environment/20260821-094317-host_inventory.stdout; ../real-machine-20260821-094227-kali-2qqYxp/environment/20260821-094437-kernel_health_before.stdout,INFORMATIONAL,Covered by this campaign at the stated evidence scope.
00-006,Phase 0 — Test Governance & Baseline,Record kernel configuration,PASS,PASS,00-006,../real-machine-20260821-094227-kali-2qqYxp/environment/20260821-094317-host_inventory.stdout; ../real-machine-20260821-094227-kali-2qqYxp/environment/20260821-094437-kernel_health_before.stdout,INFORMATIONAL,Covered by this campaign at the stated evidence scope.
00-007,Phase 0 — Test Governance & Baseline,Record ORCHESTRA parameter configuration,INCONCLUSIVE,INCONCLUSIVE_INSUFFICIENT_EVIDENCE,00-007,../real-machine-20260821-094227-kali-2qqYxp/environment/20260821-094317-host_inventory.stdout; ../real-machine-20260821-094227-kali-2qqYxp/environment/20260821-094437-kernel_health_before.stdout,MEDIUM,"Partial evidence exists, but the exact checklist claim was not fully demonstrated."
00-008,Phase 0 — Test Governance & Baseline,Record workload version/commit,PASS,PASS,00-008,../real-machine-20260821-094227-kali-2qqYxp/environment/20260821-094317-host_inventory.stdout; ../real-machine-20260821-094227-kali-2qqYxp/environment/20260821-094437-kernel_health_before.stdout,INFORMATIONAL,Covered by this campaign at the stated evidence scope.
00-009,Phase 0 — Test Governance & Baseline,Record random seed where applicable,INCONCLUSIVE,INCONCLUSIVE_INSUFFICIENT_EVIDENCE,00-009,../real-machine-20260821-094227-kali-2qqYxp/environment/20260821-094317-host_inventory.stdout; ../real-machine-20260821-094227-kali-2qqYxp/environment/20260821-094437-kernel_health_before.stdout,MEDIUM,"Partial evidence exists, but the exact checklist claim was not fully demonstrated."
00-010,Phase 0 — Test Governance & Baseline,Record test duration and repetitions,PASS,PASS,00-010,../real-machine-20260821-094227-kali-2qqYxp/environment/20260821-094317-host_inventory.stdout; ../real-machine-20260821-094227-kali-2qqYxp/environment/20260821-094437-kernel_health_before.stdout,INFORMATIONAL,Covered by this campaign at the stated evidence scope.
00-011,Phase 0 — Test Governance & Baseline,"Preserve raw logs, traces and workload results",PASS,PASS,00-011,../real-machine-20260821-094227-kali-2qqYxp/environment/20260821-094317-host_inventory.stdout; ../real-machine-20260821-094227-kali-2qqYxp/environment/20260821-094437-kernel_health_before.stdout,INFORMATIONAL,Covered by this campaign at the stated evidence scope.
00-012,Phase 0 — Test Governance & Baseline,"Record CPU model, physical/logical CPUs, topology, NUMA, cache, RAM, storage, network, GPU if relevant, BIOS/UEFI, microcode",PASS,PASS,00-012,../real-machine-20260821-094227-kali-2qqYxp/environment/20260821-094317-host_inventory.stdout; ../real-machine-20260821-094227-kali-2qqYxp/environment/20260821-094437-kernel_health_before.stdout,INFORMATIONAL,Covered by this campaign at the stated evidence scope.
00-013,Phase 0 — Test Governance & Baseline,Verify machine boots normally,PASS,PASS,00-013,../real-machine-20260821-094227-kali-2qqYxp/environment/20260821-094317-host_inventory.stdout; ../real-machine-20260821-094227-kali-2qqYxp/environment/20260821-094437-kernel_health_before.stdout,INFORMATIONAL,Covered by this campaign at the stated evidence scope.
00-014,Phase 0 — Test Governance & Baseline,Check system/kernel logs for pre-existing errors,PASS,PASS,00-014,../real-machine-20260821-094227-kali-2qqYxp/environment/20260821-094317-host_inventory.stdout; ../real-machine-20260821-094227-kali-2qqYxp/environment/20260821-094437-kernel_health_before.stdout,INFORMATIONAL,Covered by this campaign at the stated evidence scope.
00-015,Phase 0 — Test Governance & Baseline,Check CPU temperature,PASS,PASS,00-015,../real-machine-20260821-094227-kali-2qqYxp/environment/20260821-094317-host_inventory.stdout; ../real-machine-20260821-094227-kali-2qqYxp/environment/20260821-094437-kernel_health_before.stdout,INFORMATIONAL,Covered by this campaign at the stated evidence scope.
00-016,Phase 0 — Test Governance & Baseline,Check memory/storage health,INCONCLUSIVE,INCONCLUSIVE_INSUFFICIENT_EVIDENCE,00-016,../real-machine-20260821-094227-kali-2qqYxp/environment/20260821-094317-host_inventory.stdout; ../real-machine-20260821-094227-kali-2qqYxp/environment/20260821-094437-kernel_health_before.stdout,MEDIUM,"Partial evidence exists, but the exact checklist claim was not fully demonstrated."
00-017,Phase 0 — Test Governance & Baseline,Check networking,PASS,PASS,00-017,../real-machine-20260821-094227-kali-2qqYxp/environment/20260821-094317-host_inventory.stdout; ../real-machine-20260821-094227-kali-2qqYxp/environment/20260821-094437-kernel_health_before.stdout,INFORMATIONAL,Covered by this campaign at the stated evidence scope.
00-018,Phase 0 — Test Governance & Baseline,Check background workload,INCONCLUSIVE,INCONCLUSIVE_INSUFFICIENT_EVIDENCE,00-018,../real-machine-20260821-094227-kali-2qqYxp/environment/20260821-094317-host_inventory.stdout; ../real-machine-20260821-094227-kali-2qqYxp/environment/20260821-094437-kernel_health_before.stdout,MEDIUM,"Partial evidence exists, but the exact checklist claim was not fully demonstrated."
00-019,Phase 0 — Test Governance & Baseline,Verify clock/time synchronization,INCONCLUSIVE,INCONCLUSIVE_INSUFFICIENT_EVIDENCE,00-019,../real-machine-20260821-094227-kali-2qqYxp/environment/20260821-094317-host_inventory.stdout; ../real-machine-20260821-094227-kali-2qqYxp/environment/20260821-094437-kernel_health_before.stdout,MEDIUM,"Partial evidence exists, but the exact checklist claim was not fully demonstrated."
00-020,Phase 0 — Test Governance & Baseline,"Run and record baseline Linux scheduler results: CPU utilization, memory, load, context switches, migrations, latency, throughput, cache behavior, I/O, network and thermal behavior",INCONCLUSIVE,INCONCLUSIVE_INSUFFICIENT_EVIDENCE,00-020,../real-machine-20260821-094227-kali-2qqYxp/environment/20260821-094317-host_inventory.stdout; ../real-machine-20260821-094227-kali-2qqYxp/environment/20260821-094437-kernel_health_before.stdout,MEDIUM,"Partial evidence exists, but the exact checklist claim was not fully demonstrated."
00-021,Phase 0 — Test Governance & Baseline,Repeat baseline experiments and archive dataset,PASS,PASS,00-021,../real-machine-20260821-094227-kali-2qqYxp/environment/20260821-094317-host_inventory.stdout; ../real-machine-20260821-094227-kali-2qqYxp/environment/20260821-094437-kernel_health_before.stdout,INFORMATIONAL,Covered by this campaign at the stated evidence scope.
01-022,Phase 1 — Kernel Build & Installation,Verify ORCHESTRA source tree and intended kernel version,PASS,PASS,01-022,../real-machine-20260821-094227-kali-2qqYxp/build/20260821-094646-make_test.stdout; ../real-machine-20260821-094227-kali-2qqYxp/kernel/20260821-094521-kernel_config_check.stdout,INFORMATIONAL,Covered by this campaign at the stated evidence scope.
01-023,Phase 1 — Kernel Build & Installation,Verify required kernel options,PASS,PASS,01-023,../real-machine-20260821-094227-kali-2qqYxp/build/20260821-094646-make_test.stdout; ../real-machine-20260821-094227-kali-2qqYxp/kernel/20260821-094521-kernel_config_check.stdout,INFORMATIONAL,Covered by this campaign at the stated evidence scope.
01-024,Phase 1 — Kernel Build & Installation,Perform clean build,PASS,PASS,01-024,../real-machine-20260821-094227-kali-2qqYxp/build/20260821-094646-make_test.stdout; ../real-machine-20260821-094227-kali-2qqYxp/kernel/20260821-094521-kernel_config_check.stdout,INFORMATIONAL,Covered by this campaign at the stated evidence scope.
01-025,Phase 1 — Kernel Build & Installation,Review build warnings/errors,PASS,PASS,01-025,../real-machine-20260821-094227-kali-2qqYxp/build/20260821-094646-make_test.stdout; ../real-machine-20260821-094227-kali-2qqYxp/kernel/20260821-094521-kernel_config_check.stdout,INFORMATIONAL,Covered by this campaign at the stated evidence scope.
01-026,Phase 1 — Kernel Build & Installation,Generate kernel/modules,BLOCKED,BLOCKED_REBOOT_REQUIRED,01-026,../real-machine-20260821-094227-kali-2qqYxp/build/20260821-094646-make_test.stdout; ../real-machine-20260821-094227-kali-2qqYxp/kernel/20260821-094521-kernel_config_check.stdout,LOW,Not executed: kernel installation/boot/reboot is outside this campaign safety authority; ACTION REQUIRES USER APPROVAL.
01-027,Phase 1 — Kernel Build & Installation,Install kernel,BLOCKED,BLOCKED_REBOOT_REQUIRED,01-027,../real-machine-20260821-094227-kali-2qqYxp/build/20260821-094646-make_test.stdout; ../real-machine-20260821-094227-kali-2qqYxp/kernel/20260821-094521-kernel_config_check.stdout,LOW,Not executed: kernel installation/boot/reboot is outside this campaign safety authority; ACTION REQUIRES USER APPROVAL.
01-028,Phase 1 — Kernel Build & Installation,Verify bootloader entry,BLOCKED,BLOCKED_REBOOT_REQUIRED,01-028,../real-machine-20260821-094227-kali-2qqYxp/build/20260821-094646-make_test.stdout; ../real-machine-20260821-094227-kali-2qqYxp/kernel/20260821-094521-kernel_config_check.stdout,LOW,Not executed: kernel installation/boot/reboot is outside this campaign safety authority; ACTION REQUIRES USER APPROVAL.
01-029,Phase 1 — Kernel Build & Installation,Retain known-good fallback kernel,PASS,PASS,01-029,../real-machine-20260821-094227-kali-2qqYxp/build/20260821-094646-make_test.stdout; ../real-machine-20260821-094227-kali-2qqYxp/kernel/20260821-094521-kernel_config_check.stdout,INFORMATIONAL,Covered by this campaign at the stated evidence scope.
01-030,Phase 1 — Kernel Build & Installation,Boot ORCHESTRA kernel,BLOCKED,BLOCKED_REBOOT_REQUIRED,01-030,../real-machine-20260821-094227-kali-2qqYxp/build/20260821-094646-make_test.stdout; ../real-machine-20260821-094227-kali-2qqYxp/kernel/20260821-094521-kernel_config_check.stdout,LOW,Not executed: kernel installation/boot/reboot is outside this campaign safety authority; ACTION REQUIRES USER APPROVAL.
01-031,Phase 1 — Kernel Build & Installation,Confirm kernel/ORCHESTRA version,PASS,PASS,01-031,../real-machine-20260821-094227-kali-2qqYxp/build/20260821-094646-make_test.stdout; ../real-machine-20260821-094227-kali-2qqYxp/kernel/20260821-094521-kernel_config_check.stdout,INFORMATIONAL,Covered by this campaign at the stated evidence scope.
01-032,Phase 1 — Kernel Build & Installation,Confirm ORCHESTRA initialization,PASS,PASS,01-032,../real-machine-20260821-094227-kali-2qqYxp/build/20260821-094646-make_test.stdout; ../real-machine-20260821-094227-kali-2qqYxp/kernel/20260821-094521-kernel_config_check.stdout,INFORMATIONAL,Covered by this campaign at the stated evidence scope.
01-033,Phase 1 — Kernel Build & Installation,Check for kernel panic/oops/WARN,PASS,PASS,01-033,../real-machine-20260821-094227-kali-2qqYxp/build/20260821-094646-make_test.stdout; ../real-machine-20260821-094227-kali-2qqYxp/kernel/20260821-094521-kernel_config_check.stdout,INFORMATIONAL,Covered by this campaign at the stated evidence scope.
01-034,Phase 1 — Kernel Build & Installation,Confirm scheduler initialization,PASS,PASS,01-034,../real-machine-20260821-094227-kali-2qqYxp/build/20260821-094646-make_test.stdout; ../real-machine-20260821-094227-kali-2qqYxp/kernel/20260821-094521-kernel_config_check.stdout,INFORMATIONAL,Covered by this campaign at the stated evidence scope.
01-035,Phase 1 — Kernel Build & Installation,Confirm Signal Bus initialization,BLOCKED,BLOCKED_NOT_IMPLEMENTED,01-035,../real-machine-20260821-094227-kali-2qqYxp/build/20260821-094646-make_test.stdout; ../real-machine-20260821-094227-kali-2qqYxp/kernel/20260821-094521-kernel_config_check.stdout,MEDIUM,The checked-out kernel prototype does not implement this capability; userspace or simulation evidence was not promoted.
01-036,Phase 1 — Kernel Build & Installation,Confirm monitoring initialization,INCONCLUSIVE,INCONCLUSIVE_INSUFFICIENT_EVIDENCE,01-036,../real-machine-20260821-094227-kali-2qqYxp/build/20260821-094646-make_test.stdout; ../real-machine-20260821-094227-kali-2qqYxp/kernel/20260821-094521-kernel_config_check.stdout,MEDIUM,"Partial evidence exists, but the exact checklist claim was not fully demonstrated."
01-037,Phase 1 — Kernel Build & Installation,Verify storage/network/user-space operation,PASS,PASS,01-037,../real-machine-20260821-094227-kali-2qqYxp/build/20260821-094646-make_test.stdout; ../real-machine-20260821-094227-kali-2qqYxp/kernel/20260821-094521-kernel_config_check.stdout,INFORMATIONAL,Covered by this campaign at the stated evidence scope.
01-038,Phase 1 — Kernel Build & Installation,Boot fallback kernel,BLOCKED,BLOCKED_REBOOT_REQUIRED,01-038,../real-machine-20260821-094227-kali-2qqYxp/build/20260821-094646-make_test.stdout; ../real-machine-20260821-094227-kali-2qqYxp/kernel/20260821-094521-kernel_config_check.stdout,LOW,Not executed: kernel installation/boot/reboot is outside this campaign safety authority; ACTION REQUIRES USER APPROVAL.
01-039,Phase 1 — Kernel Build & Installation,Verify fallback remains usable,BLOCKED,BLOCKED_REBOOT_REQUIRED,01-039,../real-machine-20260821-094227-kali-2qqYxp/build/20260821-094646-make_test.stdout; ../real-machine-20260821-094227-kali-2qqYxp/kernel/20260821-094521-kernel_config_check.stdout,LOW,Not executed: kernel installation/boot/reboot is outside this campaign safety authority; ACTION REQUIRES USER APPROVAL.
01-040,Phase 1 — Kernel Build & Installation,Verify ORCHESTRA failure cannot prevent recovery,PASS,PASS,01-040,../real-machine-20260821-094227-kali-2qqYxp/build/20260821-094646-make_test.stdout; ../real-machine-20260821-094227-kali-2qqYxp/kernel/20260821-094521-kernel_config_check.stdout,INFORMATIONAL,Covered by this campaign at the stated evidence scope.
01-041,Phase 1 — Kernel Build & Installation,Verify disable/reset procedure,PASS,PASS,01-041,../real-machine-20260821-094227-kali-2qqYxp/build/20260821-094646-make_test.stdout; ../real-machine-20260821-094227-kali-2qqYxp/kernel/20260821-094521-kernel_config_check.stdout,INFORMATIONAL,Covered by this campaign at the stated evidence scope.
02-042,Phase 2 — Linux Scheduler Integration,Verify scheduler initialization,PASS,PASS,02-042,../real-machine-20260821-094227-kali-2qqYxp/scheduler/20260821-095704-scheduler_post_load2.stdout; ../real-machine-20260821-094227-kali-2qqYxp/workloads/20260821-095148-positive_status_run.stdout,INFORMATIONAL,Covered by this campaign at the stated evidence scope.
02-043,Phase 2 — Linux Scheduler Integration,Verify run queues and scheduler domains,PASS,PASS,02-043,../real-machine-20260821-094227-kali-2qqYxp/scheduler/20260821-095704-scheduler_post_load2.stdout; ../real-machine-20260821-094227-kali-2qqYxp/workloads/20260821-095148-positive_status_run.stdout,INFORMATIONAL,Covered by this campaign at the stated evidence scope.
02-044,Phase 2 — Linux Scheduler Integration,Verify scheduler hooks,BLOCKED,BLOCKED_FOR_SAFETY,02-044,../real-machine-20260821-094227-kali-2qqYxp/scheduler/20260821-095704-scheduler_post_load2.stdout; ../real-machine-20260821-094227-kali-2qqYxp/workloads/20260821-095148-positive_status_run.stdout,LOW,Not executed after prerequisite/implementation/safety boundary; no claim made.
02-045,Phase 2 — Linux Scheduler Integration,Verify existing scheduling classes remain functional,INCONCLUSIVE,INCONCLUSIVE_INSUFFICIENT_EVIDENCE,02-045,../real-machine-20260821-094227-kali-2qqYxp/scheduler/20260821-095704-scheduler_post_load2.stdout; ../real-machine-20260821-094227-kali-2qqYxp/workloads/20260821-095148-positive_status_run.stdout,MEDIUM,"Partial evidence exists, but the exact checklist claim was not fully demonstrated."
02-046,Phase 2 — Linux Scheduler Integration,Test ORCHESTRA path for eligible task,PASS,PASS,02-046,../real-machine-20260821-094227-kali-2qqYxp/scheduler/20260821-095704-scheduler_post_load2.stdout; ../real-machine-20260821-094227-kali-2qqYxp/workloads/20260821-095148-positive_status_run.stdout,INFORMATIONAL,Covered by this campaign at the stated evidence scope.
02-047,Phase 2 — Linux Scheduler Integration,Verify ineligible task bypasses ORCHESTRA,PASS,PASS,02-047,../real-machine-20260821-094227-kali-2qqYxp/scheduler/20260821-095704-scheduler_post_load2.stdout; ../real-machine-20260821-094227-kali-2qqYxp/workloads/20260821-095148-positive_status_run.stdout,INFORMATIONAL,Covered by this campaign at the stated evidence scope.
02-048,Phase 2 — Linux Scheduler Integration,Verify scheduling decision is generated/applied,PASS,PASS,02-048,../real-machine-20260821-094227-kali-2qqYxp/scheduler/20260821-095704-scheduler_post_load2.stdout; ../real-machine-20260821-094227-kali-2qqYxp/workloads/20260821-095148-positive_status_run.stdout,INFORMATIONAL,Covered by this campaign at the stated evidence scope.
02-049,Phase 2 — Linux Scheduler Integration,Test RUN,PASS,PASS,02-049,../real-machine-20260821-094227-kali-2qqYxp/scheduler/20260821-095704-scheduler_post_load2.stdout; ../real-machine-20260821-094227-kali-2qqYxp/workloads/20260821-095148-positive_status_run.stdout,INFORMATIONAL,Covered by this campaign at the stated evidence scope.
02-050,Phase 2 — Linux Scheduler Integration,Test SLEEP,INCONCLUSIVE,INCONCLUSIVE_INSUFFICIENT_EVIDENCE,02-050,actions/SLEEP_TIMELINE_t0_status.stdout; actions/SLEEP_TIMELINE_t05_status.stdout; actions/SLEEP_TIMELINE_t15_status.stdout; actions/SLEEP_TIMELINE_t25_status.stdout; actions/SLEEP_TIMELINE_telemetry_post.stdout,MEDIUM,"Continuation observed no dispatch before the future deadline and release after it. The one-shot directive produced later bad-parameter fallbacks after expiry, so the broader SLEEP lifecycle remains inconclusive."
02-051,Phase 2 — Linux Scheduler Integration,Test MIGRATE,PASS,PASS,02-051,../real-machine-20260821-094227-kali-2qqYxp/workloads/20260821-095235-migrate_observe_3_retry.stdout,INFORMATIONAL,Covered by this campaign at the stated evidence scope.
02-052,Phase 2 — Linux Scheduler Integration,Test THROTTLE,PASS,PASS,02-052,../real-machine-20260821-094227-kali-2qqYxp/workloads/20260821-095429-throttle_timeline.stdout,INFORMATIONAL,Covered by this campaign at the stated evidence scope.
02-053,Phase 2 — Linux Scheduler Integration,Test YIELD,PASS,PASS,02-053,../real-machine-20260821-094227-kali-2qqYxp/workloads/20260821-095203-positive_status_yield.stdout,INFORMATIONAL,Covered by this campaign at the stated evidence scope.
02-054,Phase 2 — Linux Scheduler Integration,Test invalid action handling,PASS,PASS,02-054,../real-machine-20260821-094227-kali-2qqYxp/scheduler/20260821-095704-scheduler_post_load2.stdout; ../real-machine-20260821-094227-kali-2qqYxp/workloads/20260821-095148-positive_status_run.stdout,INFORMATIONAL,Covered by this campaign at the stated evidence scope.
02-055,Phase 2 — Linux Scheduler Integration,Test normal Linux tasks,PASS,PASS,02-055,../real-machine-20260821-094227-kali-2qqYxp/scheduler/20260821-095704-scheduler_post_load2.stdout; ../real-machine-20260821-094227-kali-2qqYxp/workloads/20260821-095148-positive_status_run.stdout,INFORMATIONAL,Covered by this campaign at the stated evidence scope.
02-056,Phase 2 — Linux Scheduler Integration,Test ORCHESTRA tasks,PASS,PASS,02-056,../real-machine-20260821-094227-kali-2qqYxp/scheduler/20260821-095704-scheduler_post_load2.stdout; ../real-machine-20260821-094227-kali-2qqYxp/workloads/20260821-095148-positive_status_run.stdout,INFORMATIONAL,Covered by this campaign at the stated evidence scope.
02-057,Phase 2 — Linux Scheduler Integration,Test mixed scheduling classes,BLOCKED,BLOCKED_FOR_SAFETY,02-057,../real-machine-20260821-094227-kali-2qqYxp/scheduler/20260821-095704-scheduler_post_load2.stdout; ../real-machine-20260821-094227-kali-2qqYxp/workloads/20260821-095148-positive_status_run.stdout,LOW,Not executed after prerequisite/implementation/safety boundary; no claim made.
02-058,Phase 2 — Linux Scheduler Integration,Test task migration,PASS,PASS,02-058,../real-machine-20260821-094227-kali-2qqYxp/scheduler/20260821-095704-scheduler_post_load2.stdout; ../real-machine-20260821-094227-kali-2qqYxp/workloads/20260821-095148-positive_status_run.stdout,INFORMATIONAL,Covered by this campaign at the stated evidence scope.
02-059,Phase 2 — Linux Scheduler Integration,Test preemption,BLOCKED,BLOCKED_FOR_SAFETY,02-059,../real-machine-20260821-094227-kali-2qqYxp/scheduler/20260821-095704-scheduler_post_load2.stdout; ../real-machine-20260821-094227-kali-2qqYxp/workloads/20260821-095148-positive_status_run.stdout,LOW,Not executed after prerequisite/implementation/safety boundary; no claim made.
02-060,Phase 2 — Linux Scheduler Integration,Test wake-up,BLOCKED,BLOCKED_FOR_SAFETY,02-060,../real-machine-20260821-094227-kali-2qqYxp/scheduler/20260821-095704-scheduler_post_load2.stdout; ../real-machine-20260821-094227-kali-2qqYxp/workloads/20260821-095148-positive_status_run.stdout,LOW,Not executed after prerequisite/implementation/safety boundary; no claim made.
02-061,Phase 2 — Linux Scheduler Integration,Test CPU affinity,PASS,PASS,02-061,../real-machine-20260821-094227-kali-2qqYxp/scheduler/20260821-095704-scheduler_post_load2.stdout; ../real-machine-20260821-094227-kali-2qqYxp/workloads/20260821-095148-positive_status_run.stdout,INFORMATIONAL,Covered by this campaign at the stated evidence scope.
02-062,Phase 2 — Linux Scheduler Integration,Test load balancing,BLOCKED,BLOCKED_FOR_SAFETY,02-062,../real-machine-20260821-094227-kali-2qqYxp/scheduler/20260821-095704-scheduler_post_load2.stdout; ../real-machine-20260821-094227-kali-2qqYxp/workloads/20260821-095148-positive_status_run.stdout,LOW,Not executed after prerequisite/implementation/safety boundary; no claim made.
03-063,Phase 3 — Hybrid Safety / Real-Time,Create SCHED_FIFO task and verify conventional deterministic scheduling,BLOCKED,BLOCKED_MISSING_TOOL,03-063,../real-machine-20260821-094227-kali-2qqYxp/ORCHESTRA_Real_Machine_Validation_2026-08-21_100242.md; ../real-machine-20260821-094227-kali-2qqYxp/FINDINGS.md,LOW,"Not executed: safe ownership-validating infrastructure, exact feature implementation, or required tool was unavailable."
03-064,Phase 3 — Hybrid Safety / Real-Time,Create SCHED_RR task and verify conventional deterministic scheduling,BLOCKED,BLOCKED_MISSING_TOOL,03-064,../real-machine-20260821-094227-kali-2qqYxp/ORCHESTRA_Real_Machine_Validation_2026-08-21_100242.md; ../real-machine-20260821-094227-kali-2qqYxp/FINDINGS.md,LOW,"Not executed: safe ownership-validating infrastructure, exact feature implementation, or required tool was unavailable."
03-065,Phase 3 — Hybrid Safety / Real-Time,Verify ORCHESTRA does not override RT tasks,BLOCKED,BLOCKED_MISSING_TOOL,03-065,../real-machine-20260821-094227-kali-2qqYxp/ORCHESTRA_Real_Machine_Validation_2026-08-21_100242.md; ../real-machine-20260821-094227-kali-2qqYxp/FINDINGS.md,LOW,"Not executed: safe ownership-validating infrastructure, exact feature implementation, or required tool was unavailable."
03-066,Phase 3 — Hybrid Safety / Real-Time,Verify RT priority behavior,BLOCKED,BLOCKED_MISSING_TOOL,03-066,../real-machine-20260821-094227-kali-2qqYxp/ORCHESTRA_Real_Machine_Validation_2026-08-21_100242.md; ../real-machine-20260821-094227-kali-2qqYxp/FINDINGS.md,LOW,"Not executed: safe ownership-validating infrastructure, exact feature implementation, or required tool was unavailable."
03-067,Phase 3 — Hybrid Safety / Real-Time,Verify RT response behavior,BLOCKED,BLOCKED_MISSING_TOOL,03-067,../real-machine-20260821-094227-kali-2qqYxp/ORCHESTRA_Real_Machine_Validation_2026-08-21_100242.md; ../real-machine-20260821-094227-kali-2qqYxp/FINDINGS.md,LOW,"Not executed: safe ownership-validating infrastructure, exact feature implementation, or required tool was unavailable."
03-068,Phase 3 — Hybrid Safety / Real-Time,Run RT + ORCHESTRA CPU-bound workload,BLOCKED,BLOCKED_MISSING_TOOL,03-068,../real-machine-20260821-094227-kali-2qqYxp/ORCHESTRA_Real_Machine_Validation_2026-08-21_100242.md; ../real-machine-20260821-094227-kali-2qqYxp/FINDINGS.md,LOW,"Not executed: safe ownership-validating infrastructure, exact feature implementation, or required tool was unavailable."
03-069,Phase 3 — Hybrid Safety / Real-Time,Run RT + memory workload,BLOCKED,BLOCKED_MISSING_TOOL,03-069,../real-machine-20260821-094227-kali-2qqYxp/ORCHESTRA_Real_Machine_Validation_2026-08-21_100242.md; ../real-machine-20260821-094227-kali-2qqYxp/FINDINGS.md,LOW,"Not executed: safe ownership-validating infrastructure, exact feature implementation, or required tool was unavailable."
03-070,Phase 3 — Hybrid Safety / Real-Time,Run RT + I/O workload,BLOCKED,BLOCKED_MISSING_TOOL,03-070,../real-machine-20260821-094227-kali-2qqYxp/ORCHESTRA_Real_Machine_Validation_2026-08-21_100242.md; ../real-machine-20260821-094227-kali-2qqYxp/FINDINGS.md,LOW,"Not executed: safe ownership-validating infrastructure, exact feature implementation, or required tool was unavailable."
03-071,Phase 3 — Hybrid Safety / Real-Time,Run RT + network workload,BLOCKED,BLOCKED_MISSING_TOOL,03-071,../real-machine-20260821-094227-kali-2qqYxp/ORCHESTRA_Real_Machine_Validation_2026-08-21_100242.md; ../real-machine-20260821-094227-kali-2qqYxp/FINDINGS.md,LOW,"Not executed: safe ownership-validating infrastructure, exact feature implementation, or required tool was unavailable."
03-072,Phase 3 — Hybrid Safety / Real-Time,Check priority inversion,BLOCKED,BLOCKED_MISSING_TOOL,03-072,../real-machine-20260821-094227-kali-2qqYxp/ORCHESTRA_Real_Machine_Validation_2026-08-21_100242.md; ../real-machine-20260821-094227-kali-2qqYxp/FINDINGS.md,LOW,"Not executed: safe ownership-validating infrastructure, exact feature implementation, or required tool was unavailable."
03-073,Phase 3 — Hybrid Safety / Real-Time,Check starvation,BLOCKED,BLOCKED_MISSING_TOOL,03-073,../real-machine-20260821-094227-kali-2qqYxp/ORCHESTRA_Real_Machine_Validation_2026-08-21_100242.md; ../real-machine-20260821-094227-kali-2qqYxp/FINDINGS.md,LOW,"Not executed: safe ownership-validating infrastructure, exact feature implementation, or required tool was unavailable."
03-074,Phase 3 — Hybrid Safety / Real-Time,Check deadlock,BLOCKED,BLOCKED_MISSING_TOOL,03-074,../real-machine-20260821-094227-kali-2qqYxp/ORCHESTRA_Real_Machine_Validation_2026-08-21_100242.md; ../real-machine-20260821-094227-kali-2qqYxp/FINDINGS.md,LOW,"Not executed: safe ownership-validating infrastructure, exact feature implementation, or required tool was unavailable."
03-075,Phase 3 — Hybrid Safety / Real-Time,Check system responsiveness,BLOCKED,BLOCKED_MISSING_TOOL,03-075,../real-machine-20260821-094227-kali-2qqYxp/ORCHESTRA_Real_Machine_Validation_2026-08-21_100242.md; ../real-machine-20260821-094227-kali-2qqYxp/FINDINGS.md,LOW,"Not executed: safe ownership-validating infrastructure, exact feature implementation, or required tool was unavailable."
04-076,Phase 4 — Signal Bus,Verify CPU utilization acquisition,BLOCKED,BLOCKED_NOT_IMPLEMENTED,04-076,../real-machine-20260821-094227-kali-2qqYxp/ORCHESTRA_Real_Machine_Validation_2026-08-21_100242.md; ../real-machine-20260821-094227-kali-2qqYxp/FINDINGS.md,MEDIUM,The checked-out kernel prototype does not implement this capability; userspace or simulation evidence was not promoted.
04-077,Phase 4 — Signal Bus,Verify memory-pressure acquisition,BLOCKED,BLOCKED_NOT_IMPLEMENTED,04-077,../real-machine-20260821-094227-kali-2qqYxp/ORCHESTRA_Real_Machine_Validation_2026-08-21_100242.md; ../real-machine-20260821-094227-kali-2qqYxp/FINDINGS.md,MEDIUM,The checked-out kernel prototype does not implement this capability; userspace or simulation evidence was not promoted.
04-078,Phase 4 — Signal Bus,Verify cache-behavior acquisition,BLOCKED,BLOCKED_NOT_IMPLEMENTED,04-078,../real-machine-20260821-094227-kali-2qqYxp/ORCHESTRA_Real_Machine_Validation_2026-08-21_100242.md; ../real-machine-20260821-094227-kali-2qqYxp/FINDINGS.md,MEDIUM,The checked-out kernel prototype does not implement this capability; userspace or simulation evidence was not promoted.
04-079,Phase 4 — Signal Bus,Verify thermal-state acquisition,BLOCKED,BLOCKED_NOT_IMPLEMENTED,04-079,../real-machine-20260821-094227-kali-2qqYxp/ORCHESTRA_Real_Machine_Validation_2026-08-21_100242.md; ../real-machine-20260821-094227-kali-2qqYxp/FINDINGS.md,MEDIUM,The checked-out kernel prototype does not implement this capability; userspace or simulation evidence was not promoted.
04-080,Phase 4 — Signal Bus,Verify I/O activity acquisition,BLOCKED,BLOCKED_NOT_IMPLEMENTED,04-080,../real-machine-20260821-094227-kali-2qqYxp/ORCHESTRA_Real_Machine_Validation_2026-08-21_100242.md; ../real-machine-20260821-094227-kali-2qqYxp/FINDINGS.md,MEDIUM,The checked-out kernel prototype does not implement this capability; userspace or simulation evidence was not promoted.
04-081,Phase 4 — Signal Bus,Verify network-utilization acquisition,BLOCKED,BLOCKED_NOT_IMPLEMENTED,04-081,../real-machine-20260821-094227-kali-2qqYxp/ORCHESTRA_Real_Machine_Validation_2026-08-21_100242.md; ../real-machine-20260821-094227-kali-2qqYxp/FINDINGS.md,MEDIUM,The checked-out kernel prototype does not implement this capability; userspace or simulation evidence was not promoted.
04-082,Phase 4 — Signal Bus,Verify scheduler-queue statistics,BLOCKED,BLOCKED_NOT_IMPLEMENTED,04-082,../real-machine-20260821-094227-kali-2qqYxp/ORCHESTRA_Real_Machine_Validation_2026-08-21_100242.md; ../real-machine-20260821-094227-kali-2qqYxp/FINDINGS.md,MEDIUM,The checked-out kernel prototype does not implement this capability; userspace or simulation evidence was not promoted.
04-083,Phase 4 — Signal Bus,Verify signal frame generation,BLOCKED,BLOCKED_NOT_IMPLEMENTED,04-083,../real-machine-20260821-094227-kali-2qqYxp/ORCHESTRA_Real_Machine_Validation_2026-08-21_100242.md; ../real-machine-20260821-094227-kali-2qqYxp/FINDINGS.md,MEDIUM,The checked-out kernel prototype does not implement this capability; userspace or simulation evidence was not promoted.
04-084,Phase 4 — Signal Bus,Verify timestamp,BLOCKED,BLOCKED_NOT_IMPLEMENTED,04-084,../real-machine-20260821-094227-kali-2qqYxp/ORCHESTRA_Real_Machine_Validation_2026-08-21_100242.md; ../real-machine-20260821-094227-kali-2qqYxp/FINDINGS.md,MEDIUM,The checked-out kernel prototype does not implement this capability; userspace or simulation evidence was not promoted.
04-085,Phase 4 — Signal Bus,Verify sequence number,BLOCKED,BLOCKED_NOT_IMPLEMENTED,04-085,../real-machine-20260821-094227-kali-2qqYxp/ORCHESTRA_Real_Machine_Validation_2026-08-21_100242.md; ../real-machine-20260821-094227-kali-2qqYxp/FINDINGS.md,MEDIUM,The checked-out kernel prototype does not implement this capability; userspace or simulation evidence was not promoted.
04-086,Phase 4 — Signal Bus,Verify raw measurements,BLOCKED,BLOCKED_NOT_IMPLEMENTED,04-086,../real-machine-20260821-094227-kali-2qqYxp/ORCHESTRA_Real_Machine_Validation_2026-08-21_100242.md; ../real-machine-20260821-094227-kali-2qqYxp/FINDINGS.md,MEDIUM,The checked-out kernel prototype does not implement this capability; userspace or simulation evidence was not promoted.
04-087,Phase 4 — Signal Bus,Verify predicted values,BLOCKED,BLOCKED_NOT_IMPLEMENTED,04-087,../real-machine-20260821-094227-kali-2qqYxp/ORCHESTRA_Real_Machine_Validation_2026-08-21_100242.md; ../real-machine-20260821-094227-kali-2qqYxp/FINDINGS.md,MEDIUM,The checked-out kernel prototype does not implement this capability; userspace or simulation evidence was not promoted.
04-088,Phase 4 — Signal Bus,Verify confidence,BLOCKED,BLOCKED_NOT_IMPLEMENTED,04-088,../real-machine-20260821-094227-kali-2qqYxp/ORCHESTRA_Real_Machine_Validation_2026-08-21_100242.md; ../real-machine-20260821-094227-kali-2qqYxp/FINDINGS.md,MEDIUM,The checked-out kernel prototype does not implement this capability; userspace or simulation evidence was not promoted.
04-089,Phase 4 — Signal Bus,Verify directive,BLOCKED,BLOCKED_NOT_IMPLEMENTED,04-089,../real-machine-20260821-094227-kali-2qqYxp/ORCHESTRA_Real_Machine_Validation_2026-08-21_100242.md; ../real-machine-20260821-094227-kali-2qqYxp/FINDINGS.md,MEDIUM,The checked-out kernel prototype does not implement this capability; userspace or simulation evidence was not promoted.
04-090,Phase 4 — Signal Bus,Verify metadata/version,BLOCKED,BLOCKED_NOT_IMPLEMENTED,04-090,../real-machine-20260821-094227-kali-2qqYxp/ORCHESTRA_Real_Machine_Validation_2026-08-21_100242.md; ../real-machine-20260821-094227-kali-2qqYxp/FINDINGS.md,MEDIUM,The checked-out kernel prototype does not implement this capability; userspace or simulation evidence was not promoted.
04-091,Phase 4 — Signal Bus,Measure signal update frequency and latency,BLOCKED,BLOCKED_NOT_IMPLEMENTED,04-091,../real-machine-20260821-094227-kali-2qqYxp/ORCHESTRA_Real_Machine_Validation_2026-08-21_100242.md; ../real-machine-20260821-094227-kali-2qqYxp/FINDINGS.md,MEDIUM,The checked-out kernel prototype does not implement this capability; userspace or simulation evidence was not promoted.
04-092,Phase 4 — Signal Bus,Verify publication/replacement/expiry,BLOCKED,BLOCKED_NOT_IMPLEMENTED,04-092,../real-machine-20260821-094227-kali-2qqYxp/ORCHESTRA_Real_Machine_Validation_2026-08-21_100242.md; ../real-machine-20260821-094227-kali-2qqYxp/FINDINGS.md,MEDIUM,The checked-out kernel prototype does not implement this capability; userspace or simulation evidence was not promoted.
04-093,Phase 4 — Signal Bus,Check lost/duplicate/inconsistent updates,BLOCKED,BLOCKED_NOT_IMPLEMENTED,04-093,../real-machine-20260821-094227-kali-2qqYxp/ORCHESTRA_Real_Machine_Validation_2026-08-21_100242.md; ../real-machine-20260821-094227-kali-2qqYxp/FINDINGS.md,MEDIUM,The checked-out kernel prototype does not implement this capability; userspace or simulation evidence was not promoted.
04-094,Phase 4 — Signal Bus,Verify read-only shared-memory access,BLOCKED,BLOCKED_NOT_IMPLEMENTED,04-094,../real-machine-20260821-094227-kali-2qqYxp/ORCHESTRA_Real_Machine_Validation_2026-08-21_100242.md; ../real-machine-20260821-094227-kali-2qqYxp/FINDINGS.md,MEDIUM,The checked-out kernel prototype does not implement this capability; userspace or simulation evidence was not promoted.
04-095,Phase 4 — Signal Bus,Verify unauthorized write fails,BLOCKED,BLOCKED_NOT_IMPLEMENTED,04-095,../real-machine-20260821-094227-kali-2qqYxp/ORCHESTRA_Real_Machine_Validation_2026-08-21_100242.md; ../real-machine-20260821-094227-kali-2qqYxp/FINDINGS.md,MEDIUM,The checked-out kernel prototype does not implement this capability; userspace or simulation evidence was not promoted.
04-096,Phase 4 — Signal Bus,Test concurrent readers,BLOCKED,BLOCKED_NOT_IMPLEMENTED,04-096,../real-machine-20260821-094227-kali-2qqYxp/ORCHESTRA_Real_Machine_Validation_2026-08-21_100242.md; ../real-machine-20260821-094227-kali-2qqYxp/FINDINGS.md,MEDIUM,The checked-out kernel prototype does not implement this capability; userspace or simulation evidence was not promoted.
04-097,Phase 4 — Signal Bus,Test multi-CPU reads,BLOCKED,BLOCKED_NOT_IMPLEMENTED,04-097,../real-machine-20260821-094227-kali-2qqYxp/ORCHESTRA_Real_Machine_Validation_2026-08-21_100242.md; ../real-machine-20260821-094227-kali-2qqYxp/FINDINGS.md,MEDIUM,The checked-out kernel prototype does not implement this capability; userspace or simulation evidence was not promoted.
04-098,Phase 4 — Signal Bus,Check corruption/cache contention,BLOCKED,BLOCKED_NOT_IMPLEMENTED,04-098,../real-machine-20260821-094227-kali-2qqYxp/ORCHESTRA_Real_Machine_Validation_2026-08-21_100242.md; ../real-machine-20260821-094227-kali-2qqYxp/FINDINGS.md,MEDIUM,The checked-out kernel prototype does not implement this capability; userspace or simulation evidence was not promoted.
04-099,Phase 4 — Signal Bus,Test mapping/unmapping and cleanup,BLOCKED,BLOCKED_NOT_IMPLEMENTED,04-099,../real-machine-20260821-094227-kali-2qqYxp/ORCHESTRA_Real_Machine_Validation_2026-08-21_100242.md; ../real-machine-20260821-094227-kali-2qqYxp/FINDINGS.md,MEDIUM,The checked-out kernel prototype does not implement this capability; userspace or simulation evidence was not promoted.
04-100,Phase 4 — Signal Bus,"Test multi-core signal consistency, sequence numbers, timestamps and synchronization latency",BLOCKED,BLOCKED_NOT_IMPLEMENTED,04-100,../real-machine-20260821-094227-kali-2qqYxp/ORCHESTRA_Real_Machine_Validation_2026-08-21_100242.md; ../real-machine-20260821-094227-kali-2qqYxp/FINDINGS.md,MEDIUM,The checked-out kernel prototype does not implement this capability; userspace or simulation evidence was not promoted.
05-101,Phase 5 — Signal Integrity & Fault Injection,Valid signal accepted,BLOCKED,BLOCKED_NOT_IMPLEMENTED,05-101,../real-machine-20260821-094227-kali-2qqYxp/ORCHESTRA_Real_Machine_Validation_2026-08-21_100242.md; ../real-machine-20260821-094227-kali-2qqYxp/FINDINGS.md,MEDIUM,The checked-out kernel prototype does not implement this capability; userspace or simulation evidence was not promoted.
05-102,Phase 5 — Signal Integrity & Fault Injection,Modified signal rejected,BLOCKED,BLOCKED_NOT_IMPLEMENTED,05-102,../real-machine-20260821-094227-kali-2qqYxp/ORCHESTRA_Real_Machine_Validation_2026-08-21_100242.md; ../real-machine-20260821-094227-kali-2qqYxp/FINDINGS.md,MEDIUM,The checked-out kernel prototype does not implement this capability; userspace or simulation evidence was not promoted.
05-103,Phase 5 — Signal Integrity & Fault Injection,Invalid authentication rejected,BLOCKED,BLOCKED_NOT_IMPLEMENTED,05-103,../real-machine-20260821-094227-kali-2qqYxp/ORCHESTRA_Real_Machine_Validation_2026-08-21_100242.md; ../real-machine-20260821-094227-kali-2qqYxp/FINDINGS.md,MEDIUM,The checked-out kernel prototype does not implement this capability; userspace or simulation evidence was not promoted.
05-104,Phase 5 — Signal Integrity & Fault Injection,Wrong key rejected,BLOCKED,BLOCKED_NOT_IMPLEMENTED,05-104,../real-machine-20260821-094227-kali-2qqYxp/ORCHESTRA_Real_Machine_Validation_2026-08-21_100242.md; ../real-machine-20260821-094227-kali-2qqYxp/FINDINGS.md,MEDIUM,The checked-out kernel prototype does not implement this capability; userspace or simulation evidence was not promoted.
05-105,Phase 5 — Signal Integrity & Fault Injection,Corrupt frame rejected,BLOCKED,BLOCKED_NOT_IMPLEMENTED,05-105,../real-machine-20260821-094227-kali-2qqYxp/ORCHESTRA_Real_Machine_Validation_2026-08-21_100242.md; ../real-machine-20260821-094227-kali-2qqYxp/FINDINGS.md,MEDIUM,The checked-out kernel prototype does not implement this capability; userspace or simulation evidence was not promoted.
05-106,Phase 5 — Signal Integrity & Fault Injection,Incomplete frame rejected,BLOCKED,BLOCKED_NOT_IMPLEMENTED,05-106,../real-machine-20260821-094227-kali-2qqYxp/ORCHESTRA_Real_Machine_Validation_2026-08-21_100242.md; ../real-machine-20260821-094227-kali-2qqYxp/FINDINGS.md,MEDIUM,The checked-out kernel prototype does not implement this capability; userspace or simulation evidence was not promoted.
05-107,Phase 5 — Signal Integrity & Fault Injection,Duplicate frame handled,BLOCKED,BLOCKED_NOT_IMPLEMENTED,05-107,../real-machine-20260821-094227-kali-2qqYxp/ORCHESTRA_Real_Machine_Validation_2026-08-21_100242.md; ../real-machine-20260821-094227-kali-2qqYxp/FINDINGS.md,MEDIUM,The checked-out kernel prototype does not implement this capability; userspace or simulation evidence was not promoted.
05-108,Phase 5 — Signal Integrity & Fault Injection,Old/stale frame rejected,BLOCKED,BLOCKED_NOT_IMPLEMENTED,05-108,../real-machine-20260821-094227-kali-2qqYxp/ORCHESTRA_Real_Machine_Validation_2026-08-21_100242.md; ../real-machine-20260821-094227-kali-2qqYxp/FINDINGS.md,MEDIUM,The checked-out kernel prototype does not implement this capability; userspace or simulation evidence was not promoted.
05-109,Phase 5 — Signal Integrity & Fault Injection,Out-of-order frame handled,BLOCKED,BLOCKED_NOT_IMPLEMENTED,05-109,../real-machine-20260821-094227-kali-2qqYxp/ORCHESTRA_Real_Machine_Validation_2026-08-21_100242.md; ../real-machine-20260821-094227-kali-2qqYxp/FINDINGS.md,MEDIUM,The checked-out kernel prototype does not implement this capability; userspace or simulation evidence was not promoted.
05-110,Phase 5 — Signal Integrity & Fault Injection,Invalid sequence rejected,BLOCKED,BLOCKED_NOT_IMPLEMENTED,05-110,../real-machine-20260821-094227-kali-2qqYxp/ORCHESTRA_Real_Machine_Validation_2026-08-21_100242.md; ../real-machine-20260821-094227-kali-2qqYxp/FINDINGS.md,MEDIUM,The checked-out kernel prototype does not implement this capability; userspace or simulation evidence was not promoted.
05-111,Phase 5 — Signal Integrity & Fault Injection,Stop signal producer,BLOCKED,BLOCKED_NOT_IMPLEMENTED,05-111,../real-machine-20260821-094227-kali-2qqYxp/ORCHESTRA_Real_Machine_Validation_2026-08-21_100242.md; ../real-machine-20260821-094227-kali-2qqYxp/FINDINGS.md,MEDIUM,The checked-out kernel prototype does not implement this capability; userspace or simulation evidence was not promoted.
05-112,Phase 5 — Signal Integrity & Fault Injection,Stop signal consumer,BLOCKED,BLOCKED_NOT_IMPLEMENTED,05-112,../real-machine-20260821-094227-kali-2qqYxp/ORCHESTRA_Real_Machine_Validation_2026-08-21_100242.md; ../real-machine-20260821-094227-kali-2qqYxp/FINDINGS.md,MEDIUM,The checked-out kernel prototype does not implement this capability; userspace or simulation evidence was not promoted.
05-113,Phase 5 — Signal Integrity & Fault Injection,Delay signal,BLOCKED,BLOCKED_NOT_IMPLEMENTED,05-113,../real-machine-20260821-094227-kali-2qqYxp/ORCHESTRA_Real_Machine_Validation_2026-08-21_100242.md; ../real-machine-20260821-094227-kali-2qqYxp/FINDINGS.md,MEDIUM,The checked-out kernel prototype does not implement this capability; userspace or simulation evidence was not promoted.
05-114,Phase 5 — Signal Integrity & Fault Injection,Interrupt publication,BLOCKED,BLOCKED_NOT_IMPLEMENTED,05-114,../real-machine-20260821-094227-kali-2qqYxp/ORCHESTRA_Real_Machine_Validation_2026-08-21_100242.md; ../real-machine-20260821-094227-kali-2qqYxp/FINDINGS.md,MEDIUM,The checked-out kernel prototype does not implement this capability; userspace or simulation evidence was not promoted.
05-115,Phase 5 — Signal Integrity & Fault Injection,Temporarily remove signal availability,BLOCKED,BLOCKED_NOT_IMPLEMENTED,05-115,../real-machine-20260821-094227-kali-2qqYxp/ORCHESTRA_Real_Machine_Validation_2026-08-21_100242.md; ../real-machine-20260821-094227-kali-2qqYxp/FINDINGS.md,MEDIUM,The checked-out kernel prototype does not implement this capability; userspace or simulation evidence was not promoted.
05-116,Phase 5 — Signal Integrity & Fault Injection,Restart/recover Signal Bus,BLOCKED,BLOCKED_NOT_IMPLEMENTED,05-116,../real-machine-20260821-094227-kali-2qqYxp/ORCHESTRA_Real_Machine_Validation_2026-08-21_100242.md; ../real-machine-20260821-094227-kali-2qqYxp/FINDINGS.md,MEDIUM,The checked-out kernel prototype does not implement this capability; userspace or simulation evidence was not promoted.
05-117,Phase 5 — Signal Integrity & Fault Injection,Verify safe scheduler fallback,BLOCKED,BLOCKED_NOT_IMPLEMENTED,05-117,../real-machine-20260821-094227-kali-2qqYxp/ORCHESTRA_Real_Machine_Validation_2026-08-21_100242.md; ../real-machine-20260821-094227-kali-2qqYxp/FINDINGS.md,MEDIUM,The checked-out kernel prototype does not implement this capability; userspace or simulation evidence was not promoted.
05-118,Phase 5 — Signal Integrity & Fault Injection,Verify recovery after valid signals resume,BLOCKED,BLOCKED_NOT_IMPLEMENTED,05-118,../real-machine-20260821-094227-kali-2qqYxp/ORCHESTRA_Real_Machine_Validation_2026-08-21_100242.md; ../real-machine-20260821-094227-kali-2qqYxp/FINDINGS.md,MEDIUM,The checked-out kernel prototype does not implement this capability; userspace or simulation evidence was not promoted.
06-119,Phase 6 — Predictive Scheduling Engine,Verify predictor initialization,BLOCKED,BLOCKED_NOT_IMPLEMENTED,06-119,../real-machine-20260821-094227-kali-2qqYxp/ORCHESTRA_Real_Machine_Validation_2026-08-21_100242.md; ../real-machine-20260821-094227-kali-2qqYxp/FINDINGS.md,MEDIUM,The checked-out kernel prototype does not implement this capability; userspace or simulation evidence was not promoted.
06-120,Phase 6 — Predictive Scheduling Engine,Verify historical samples,BLOCKED,BLOCKED_NOT_IMPLEMENTED,06-120,../real-machine-20260821-094227-kali-2qqYxp/ORCHESTRA_Real_Machine_Validation_2026-08-21_100242.md; ../real-machine-20260821-094227-kali-2qqYxp/FINDINGS.md,MEDIUM,The checked-out kernel prototype does not implement this capability; userspace or simulation evidence was not promoted.
06-121,Phase 6 — Predictive Scheduling Engine,Generate prediction,BLOCKED,BLOCKED_NOT_IMPLEMENTED,06-121,../real-machine-20260821-094227-kali-2qqYxp/ORCHESTRA_Real_Machine_Validation_2026-08-21_100242.md; ../real-machine-20260821-094227-kali-2qqYxp/FINDINGS.md,MEDIUM,The checked-out kernel prototype does not implement this capability; userspace or simulation evidence was not promoted.
06-122,Phase 6 — Predictive Scheduling Engine,Verify prediction timestamp/horizon,BLOCKED,BLOCKED_NOT_IMPLEMENTED,06-122,../real-machine-20260821-094227-kali-2qqYxp/ORCHESTRA_Real_Machine_Validation_2026-08-21_100242.md; ../real-machine-20260821-094227-kali-2qqYxp/FINDINGS.md,MEDIUM,The checked-out kernel prototype does not implement this capability; userspace or simulation evidence was not promoted.
06-123,Phase 6 — Predictive Scheduling Engine,Verify scheduler consumes prediction,BLOCKED,BLOCKED_NOT_IMPLEMENTED,06-123,../real-machine-20260821-094227-kali-2qqYxp/ORCHESTRA_Real_Machine_Validation_2026-08-21_100242.md; ../real-machine-20260821-094227-kali-2qqYxp/FINDINGS.md,MEDIUM,The checked-out kernel prototype does not implement this capability; userspace or simulation evidence was not promoted.
06-124,Phase 6 — Predictive Scheduling Engine,Verify prediction expiry/replacement,BLOCKED,BLOCKED_NOT_IMPLEMENTED,06-124,../real-machine-20260821-094227-kali-2qqYxp/ORCHESTRA_Real_Machine_Validation_2026-08-21_100242.md; ../real-machine-20260821-094227-kali-2qqYxp/FINDINGS.md,MEDIUM,The checked-out kernel prototype does not implement this capability; userspace or simulation evidence was not promoted.
06-125,Phase 6 — Predictive Scheduling Engine,Test stable CPU load,BLOCKED,BLOCKED_NOT_IMPLEMENTED,06-125,../real-machine-20260821-094227-kali-2qqYxp/ORCHESTRA_Real_Machine_Validation_2026-08-21_100242.md; ../real-machine-20260821-094227-kali-2qqYxp/FINDINGS.md,MEDIUM,The checked-out kernel prototype does not implement this capability; userspace or simulation evidence was not promoted.
06-126,Phase 6 — Predictive Scheduling Engine,Increasing load,BLOCKED,BLOCKED_NOT_IMPLEMENTED,06-126,../real-machine-20260821-094227-kali-2qqYxp/ORCHESTRA_Real_Machine_Validation_2026-08-21_100242.md; ../real-machine-20260821-094227-kali-2qqYxp/FINDINGS.md,MEDIUM,The checked-out kernel prototype does not implement this capability; userspace or simulation evidence was not promoted.
06-127,Phase 6 — Predictive Scheduling Engine,Decreasing load,BLOCKED,BLOCKED_NOT_IMPLEMENTED,06-127,../real-machine-20260821-094227-kali-2qqYxp/ORCHESTRA_Real_Machine_Validation_2026-08-21_100242.md; ../real-machine-20260821-094227-kali-2qqYxp/FINDINGS.md,MEDIUM,The checked-out kernel prototype does not implement this capability; userspace or simulation evidence was not promoted.
06-128,Phase 6 — Predictive Scheduling Engine,Periodic load,BLOCKED,BLOCKED_NOT_IMPLEMENTED,06-128,../real-machine-20260821-094227-kali-2qqYxp/ORCHESTRA_Real_Machine_Validation_2026-08-21_100242.md; ../real-machine-20260821-094227-kali-2qqYxp/FINDINGS.md,MEDIUM,The checked-out kernel prototype does not implement this capability; userspace or simulation evidence was not promoted.
06-129,Phase 6 — Predictive Scheduling Engine,Sudden CPU spike/drop,BLOCKED,BLOCKED_NOT_IMPLEMENTED,06-129,../real-machine-20260821-094227-kali-2qqYxp/ORCHESTRA_Real_Machine_Validation_2026-08-21_100242.md; ../real-machine-20260821-094227-kali-2qqYxp/FINDINGS.md,MEDIUM,The checked-out kernel prototype does not implement this capability; userspace or simulation evidence was not promoted.
06-130,Phase 6 — Predictive Scheduling Engine,Memory pressure,BLOCKED,BLOCKED_NOT_IMPLEMENTED,06-130,../real-machine-20260821-094227-kali-2qqYxp/ORCHESTRA_Real_Machine_Validation_2026-08-21_100242.md; ../real-machine-20260821-094227-kali-2qqYxp/FINDINGS.md,MEDIUM,The checked-out kernel prototype does not implement this capability; userspace or simulation evidence was not promoted.
06-131,Phase 6 — Predictive Scheduling Engine,I/O burst,BLOCKED,BLOCKED_NOT_IMPLEMENTED,06-131,../real-machine-20260821-094227-kali-2qqYxp/ORCHESTRA_Real_Machine_Validation_2026-08-21_100242.md; ../real-machine-20260821-094227-kali-2qqYxp/FINDINGS.md,MEDIUM,The checked-out kernel prototype does not implement this capability; userspace or simulation evidence was not promoted.
06-132,Phase 6 — Predictive Scheduling Engine,Network burst,BLOCKED,BLOCKED_NOT_IMPLEMENTED,06-132,../real-machine-20260821-094227-kali-2qqYxp/ORCHESTRA_Real_Machine_Validation_2026-08-21_100242.md; ../real-machine-20260821-094227-kali-2qqYxp/FINDINGS.md,MEDIUM,The checked-out kernel prototype does not implement this capability; userspace or simulation evidence was not promoted.
06-133,Phase 6 — Predictive Scheduling Engine,Mixed workload,BLOCKED,BLOCKED_NOT_IMPLEMENTED,06-133,../real-machine-20260821-094227-kali-2qqYxp/ORCHESTRA_Real_Machine_Validation_2026-08-21_100242.md; ../real-machine-20260821-094227-kali-2qqYxp/FINDINGS.md,MEDIUM,The checked-out kernel prototype does not implement this capability; userspace or simulation evidence was not promoted.
06-134,Phase 6 — Predictive Scheduling Engine,Record MAE,BLOCKED,BLOCKED_NOT_IMPLEMENTED,06-134,../real-machine-20260821-094227-kali-2qqYxp/ORCHESTRA_Real_Machine_Validation_2026-08-21_100242.md; ../real-machine-20260821-094227-kali-2qqYxp/FINDINGS.md,MEDIUM,The checked-out kernel prototype does not implement this capability; userspace or simulation evidence was not promoted.
06-135,Phase 6 — Predictive Scheduling Engine,Record MSE/RMSE,BLOCKED,BLOCKED_NOT_IMPLEMENTED,06-135,../real-machine-20260821-094227-kali-2qqYxp/ORCHESTRA_Real_Machine_Validation_2026-08-21_100242.md; ../real-machine-20260821-094227-kali-2qqYxp/FINDINGS.md,MEDIUM,The checked-out kernel prototype does not implement this capability; userspace or simulation evidence was not promoted.
06-136,Phase 6 — Predictive Scheduling Engine,Record forecast bias,BLOCKED,BLOCKED_NOT_IMPLEMENTED,06-136,../real-machine-20260821-094227-kali-2qqYxp/ORCHESTRA_Real_Machine_Validation_2026-08-21_100242.md; ../real-machine-20260821-094227-kali-2qqYxp/FINDINGS.md,MEDIUM,The checked-out kernel prototype does not implement this capability; userspace or simulation evidence was not promoted.
06-137,Phase 6 — Predictive Scheduling Engine,Record prediction latency,BLOCKED,BLOCKED_NOT_IMPLEMENTED,06-137,../real-machine-20260821-094227-kali-2qqYxp/ORCHESTRA_Real_Machine_Validation_2026-08-21_100242.md; ../real-machine-20260821-094227-kali-2qqYxp/FINDINGS.md,MEDIUM,The checked-out kernel prototype does not implement this capability; userspace or simulation evidence was not promoted.
06-138,Phase 6 — Predictive Scheduling Engine,Record confidence,BLOCKED,BLOCKED_NOT_IMPLEMENTED,06-138,../real-machine-20260821-094227-kali-2qqYxp/ORCHESTRA_Real_Machine_Validation_2026-08-21_100242.md; ../real-machine-20260821-094227-kali-2qqYxp/FINDINGS.md,MEDIUM,The checked-out kernel prototype does not implement this capability; userspace or simulation evidence was not promoted.
06-139,Phase 6 — Predictive Scheduling Engine,Record prediction error distribution,BLOCKED,BLOCKED_NOT_IMPLEMENTED,06-139,../real-machine-20260821-094227-kali-2qqYxp/ORCHESTRA_Real_Machine_Validation_2026-08-21_100242.md; ../real-machine-20260821-094227-kali-2qqYxp/FINDINGS.md,MEDIUM,The checked-out kernel prototype does not implement this capability; userspace or simulation evidence was not promoted.
06-140,Phase 6 — Predictive Scheduling Engine,Test high-confidence prediction,BLOCKED,BLOCKED_NOT_IMPLEMENTED,06-140,../real-machine-20260821-094227-kali-2qqYxp/ORCHESTRA_Real_Machine_Validation_2026-08-21_100242.md; ../real-machine-20260821-094227-kali-2qqYxp/FINDINGS.md,MEDIUM,The checked-out kernel prototype does not implement this capability; userspace or simulation evidence was not promoted.
06-141,Phase 6 — Predictive Scheduling Engine,Test low-confidence prediction,BLOCKED,BLOCKED_NOT_IMPLEMENTED,06-141,../real-machine-20260821-094227-kali-2qqYxp/ORCHESTRA_Real_Machine_Validation_2026-08-21_100242.md; ../real-machine-20260821-094227-kali-2qqYxp/FINDINGS.md,MEDIUM,The checked-out kernel prototype does not implement this capability; userspace or simulation evidence was not promoted.
06-142,Phase 6 — Predictive Scheduling Engine,Verify observed-state fallback,BLOCKED,BLOCKED_NOT_IMPLEMENTED,06-142,../real-machine-20260821-094227-kali-2qqYxp/ORCHESTRA_Real_Machine_Validation_2026-08-21_100242.md; ../real-machine-20260821-094227-kali-2qqYxp/FINDINGS.md,MEDIUM,The checked-out kernel prototype does not implement this capability; userspace or simulation evidence was not promoted.
06-143,Phase 6 — Predictive Scheduling Engine,Verify predictor failure does not crash scheduler,BLOCKED,BLOCKED_NOT_IMPLEMENTED,06-143,../real-machine-20260821-094227-kali-2qqYxp/ORCHESTRA_Real_Machine_Validation_2026-08-21_100242.md; ../real-machine-20260821-094227-kali-2qqYxp/FINDINGS.md,MEDIUM,The checked-out kernel prototype does not implement this capability; userspace or simulation evidence was not promoted.
06-144,Phase 6 — Predictive Scheduling Engine,Verify recovery,BLOCKED,BLOCKED_NOT_IMPLEMENTED,06-144,../real-machine-20260821-094227-kali-2qqYxp/ORCHESTRA_Real_Machine_Validation_2026-08-21_100242.md; ../real-machine-20260821-094227-kali-2qqYxp/FINDINGS.md,MEDIUM,The checked-out kernel prototype does not implement this capability; userspace or simulation evidence was not promoted.
07-145,Phase 7 — Adaptive Response Function,"Verify state construction from CPU, memory, thermal, queue and predicted state",BLOCKED,BLOCKED_NOT_IMPLEMENTED,07-145,../real-machine-20260821-094227-kali-2qqYxp/ORCHESTRA_Real_Machine_Validation_2026-08-21_100242.md; ../real-machine-20260821-094227-kali-2qqYxp/FINDINGS.md,MEDIUM,The checked-out kernel prototype does not implement this capability; userspace or simulation evidence was not promoted.
07-146,Phase 7 — Adaptive Response Function,Test RUN decision,BLOCKED,BLOCKED_NOT_IMPLEMENTED,07-146,../real-machine-20260821-094227-kali-2qqYxp/ORCHESTRA_Real_Machine_Validation_2026-08-21_100242.md; ../real-machine-20260821-094227-kali-2qqYxp/FINDINGS.md,MEDIUM,The checked-out kernel prototype does not implement this capability; userspace or simulation evidence was not promoted.
07-147,Phase 7 — Adaptive Response Function,Test SLEEP decision,BLOCKED,BLOCKED_NOT_IMPLEMENTED,07-147,../real-machine-20260821-094227-kali-2qqYxp/ORCHESTRA_Real_Machine_Validation_2026-08-21_100242.md; ../real-machine-20260821-094227-kali-2qqYxp/FINDINGS.md,MEDIUM,The checked-out kernel prototype does not implement this capability; userspace or simulation evidence was not promoted.
07-148,Phase 7 — Adaptive Response Function,Test MIGRATE decision,BLOCKED,BLOCKED_NOT_IMPLEMENTED,07-148,../real-machine-20260821-094227-kali-2qqYxp/ORCHESTRA_Real_Machine_Validation_2026-08-21_100242.md; ../real-machine-20260821-094227-kali-2qqYxp/FINDINGS.md,MEDIUM,The checked-out kernel prototype does not implement this capability; userspace or simulation evidence was not promoted.
07-149,Phase 7 — Adaptive Response Function,Test THROTTLE decision,BLOCKED,BLOCKED_NOT_IMPLEMENTED,07-149,../real-machine-20260821-094227-kali-2qqYxp/ORCHESTRA_Real_Machine_Validation_2026-08-21_100242.md; ../real-machine-20260821-094227-kali-2qqYxp/FINDINGS.md,MEDIUM,The checked-out kernel prototype does not implement this capability; userspace or simulation evidence was not promoted.
07-150,Phase 7 — Adaptive Response Function,Test YIELD decision,BLOCKED,BLOCKED_NOT_IMPLEMENTED,07-150,../real-machine-20260821-094227-kali-2qqYxp/ORCHESTRA_Real_Machine_Validation_2026-08-21_100242.md; ../real-machine-20260821-094227-kali-2qqYxp/FINDINGS.md,MEDIUM,The checked-out kernel prototype does not implement this capability; userspace or simulation evidence was not promoted.
07-151,Phase 7 — Adaptive Response Function,Test invalid/missing state handling,BLOCKED,BLOCKED_NOT_IMPLEMENTED,07-151,../real-machine-20260821-094227-kali-2qqYxp/ORCHESTRA_Real_Machine_Validation_2026-08-21_100242.md; ../real-machine-20260821-094227-kali-2qqYxp/FINDINGS.md,MEDIUM,The checked-out kernel prototype does not implement this capability; userspace or simulation evidence was not promoted.
07-152,Phase 7 — Adaptive Response Function,Verify policy initialization/update,BLOCKED,BLOCKED_NOT_IMPLEMENTED,07-152,../real-machine-20260821-094227-kali-2qqYxp/ORCHESTRA_Real_Machine_Validation_2026-08-21_100242.md; ../real-machine-20260821-094227-kali-2qqYxp/FINDINGS.md,MEDIUM,The checked-out kernel prototype does not implement this capability; userspace or simulation evidence was not promoted.
07-153,Phase 7 — Adaptive Response Function,Verify reward generation,BLOCKED,BLOCKED_NOT_IMPLEMENTED,07-153,../real-machine-20260821-094227-kali-2qqYxp/ORCHESTRA_Real_Machine_Validation_2026-08-21_100242.md; ../real-machine-20260821-094227-kali-2qqYxp/FINDINGS.md,MEDIUM,The checked-out kernel prototype does not implement this capability; userspace or simulation evidence was not promoted.
07-154,Phase 7 — Adaptive Response Function,Check policy stability,BLOCKED,BLOCKED_NOT_IMPLEMENTED,07-154,../real-machine-20260821-094227-kali-2qqYxp/ORCHESTRA_Real_Machine_Validation_2026-08-21_100242.md; ../real-machine-20260821-094227-kali-2qqYxp/FINDINGS.md,MEDIUM,The checked-out kernel prototype does not implement this capability; userspace or simulation evidence was not promoted.
07-155,Phase 7 — Adaptive Response Function,Bound exploration,BLOCKED,BLOCKED_NOT_IMPLEMENTED,07-155,../real-machine-20260821-094227-kali-2qqYxp/ORCHESTRA_Real_Machine_Validation_2026-08-21_100242.md; ../real-machine-20260821-094227-kali-2qqYxp/FINDINGS.md,MEDIUM,The checked-out kernel prototype does not implement this capability; userspace or simulation evidence was not promoted.
07-156,Phase 7 — Adaptive Response Function,Record adaptation frequency,BLOCKED,BLOCKED_NOT_IMPLEMENTED,07-156,../real-machine-20260821-094227-kali-2qqYxp/ORCHESTRA_Real_Machine_Validation_2026-08-21_100242.md; ../real-machine-20260821-094227-kali-2qqYxp/FINDINGS.md,MEDIUM,The checked-out kernel prototype does not implement this capability; userspace or simulation evidence was not promoted.
07-157,Phase 7 — Adaptive Response Function,Test policy reset/suspension/recovery,BLOCKED,BLOCKED_NOT_IMPLEMENTED,07-157,../real-machine-20260821-094227-kali-2qqYxp/ORCHESTRA_Real_Machine_Validation_2026-08-21_100242.md; ../real-machine-20260821-094227-kali-2qqYxp/FINDINGS.md,MEDIUM,The checked-out kernel prototype does not implement this capability; userspace or simulation evidence was not promoted.
07-158,Phase 7 — Adaptive Response Function,Test synchronized migrations,BLOCKED,BLOCKED_NOT_IMPLEMENTED,07-158,../real-machine-20260821-094227-kali-2qqYxp/ORCHESTRA_Real_Machine_Validation_2026-08-21_100242.md; ../real-machine-20260821-094227-kali-2qqYxp/FINDINGS.md,MEDIUM,The checked-out kernel prototype does not implement this capability; userspace or simulation evidence was not promoted.
07-159,Phase 7 — Adaptive Response Function,wake-ups,BLOCKED,BLOCKED_NOT_IMPLEMENTED,07-159,../real-machine-20260821-094227-kali-2qqYxp/ORCHESTRA_Real_Machine_Validation_2026-08-21_100242.md; ../real-machine-20260821-094227-kali-2qqYxp/FINDINGS.md,MEDIUM,The checked-out kernel prototype does not implement this capability; userspace or simulation evidence was not promoted.
07-160,Phase 7 — Adaptive Response Function,sleep,BLOCKED,BLOCKED_NOT_IMPLEMENTED,07-160,../real-machine-20260821-094227-kali-2qqYxp/ORCHESTRA_Real_Machine_Validation_2026-08-21_100242.md; ../real-machine-20260821-094227-kali-2qqYxp/FINDINGS.md,MEDIUM,The checked-out kernel prototype does not implement this capability; userspace or simulation evidence was not promoted.
07-161,Phase 7 — Adaptive Response Function,throttling,BLOCKED,BLOCKED_NOT_IMPLEMENTED,07-161,../real-machine-20260821-094227-kali-2qqYxp/ORCHESTRA_Real_Machine_Validation_2026-08-21_100242.md; ../real-machine-20260821-094227-kali-2qqYxp/FINDINGS.md,MEDIUM,The checked-out kernel prototype does not implement this capability; userspace or simulation evidence was not promoted.
07-162,Phase 7 — Adaptive Response Function,collective oscillation,BLOCKED,BLOCKED_NOT_IMPLEMENTED,07-162,../real-machine-20260821-094227-kali-2qqYxp/ORCHESTRA_Real_Machine_Validation_2026-08-21_100242.md; ../real-machine-20260821-094227-kali-2qqYxp/FINDINGS.md,MEDIUM,The checked-out kernel prototype does not implement this capability; userspace or simulation evidence was not promoted.
07-163,Phase 7 — Adaptive Response Function,mass switching,BLOCKED,BLOCKED_NOT_IMPLEMENTED,07-163,../real-machine-20260821-094227-kali-2qqYxp/ORCHESTRA_Real_Machine_Validation_2026-08-21_100242.md; ../real-machine-20260821-094227-kali-2qqYxp/FINDINGS.md,MEDIUM,The checked-out kernel prototype does not implement this capability; userspace or simulation evidence was not promoted.
07-164,Phase 7 — Adaptive Response Function,CPU hot-spot formation,BLOCKED,BLOCKED_NOT_IMPLEMENTED,07-164,../real-machine-20260821-094227-kali-2qqYxp/ORCHESTRA_Real_Machine_Validation_2026-08-21_100242.md; ../real-machine-20260821-094227-kali-2qqYxp/FINDINGS.md,MEDIUM,The checked-out kernel prototype does not implement this capability; userspace or simulation evidence was not promoted.
07-165,Phase 7 — Adaptive Response Function,load oscillation,BLOCKED,BLOCKED_NOT_IMPLEMENTED,07-165,../real-machine-20260821-094227-kali-2qqYxp/ORCHESTRA_Real_Machine_Validation_2026-08-21_100242.md; ../real-machine-20260821-094227-kali-2qqYxp/FINDINGS.md,MEDIUM,The checked-out kernel prototype does not implement this capability; userspace or simulation evidence was not promoted.
08-166,Phase 8 — Coordination Index (S1/S2/S3/S4/Q),S1: measure signal freshness,BLOCKED,BLOCKED_NOT_IMPLEMENTED,08-166,../real-machine-20260821-094227-kali-2qqYxp/ORCHESTRA_Real_Machine_Validation_2026-08-21_100242.md; ../real-machine-20260821-094227-kali-2qqYxp/FINDINGS.md,MEDIUM,The checked-out kernel prototype does not implement this capability; userspace or simulation evidence was not promoted.
08-167,Phase 8 — Coordination Index (S1/S2/S3/S4/Q),S1: measure forecast accuracy,BLOCKED,BLOCKED_NOT_IMPLEMENTED,08-167,../real-machine-20260821-094227-kali-2qqYxp/ORCHESTRA_Real_Machine_Validation_2026-08-21_100242.md; ../real-machine-20260821-094227-kali-2qqYxp/FINDINGS.md,MEDIUM,The checked-out kernel prototype does not implement this capability; userspace or simulation evidence was not promoted.
08-168,Phase 8 — Coordination Index (S1/S2/S3/S4/Q),S1: measure signal age/prediction divergence,BLOCKED,BLOCKED_NOT_IMPLEMENTED,08-168,../real-machine-20260821-094227-kali-2qqYxp/ORCHESTRA_Real_Machine_Validation_2026-08-21_100242.md; ../real-machine-20260821-094227-kali-2qqYxp/FINDINGS.md,MEDIUM,The checked-out kernel prototype does not implement this capability; userspace or simulation evidence was not promoted.
08-169,Phase 8 — Coordination Index (S1/S2/S3/S4/Q),S2: verify eligible/exempt counts,BLOCKED,BLOCKED_NOT_IMPLEMENTED,08-169,../real-machine-20260821-094227-kali-2qqYxp/ORCHESTRA_Real_Machine_Validation_2026-08-21_100242.md; ../real-machine-20260821-094227-kali-2qqYxp/FINDINGS.md,MEDIUM,The checked-out kernel prototype does not implement this capability; userspace or simulation evidence was not promoted.
08-170,Phase 8 — Coordination Index (S1/S2/S3/S4/Q),S2: count compliant/non-compliant actions,BLOCKED,BLOCKED_NOT_IMPLEMENTED,08-170,../real-machine-20260821-094227-kali-2qqYxp/ORCHESTRA_Real_Machine_Validation_2026-08-21_100242.md; ../real-machine-20260821-094227-kali-2qqYxp/FINDINGS.md,MEDIUM,The checked-out kernel prototype does not implement this capability; userspace or simulation evidence was not promoted.
08-171,Phase 8 — Coordination Index (S1/S2/S3/S4/Q),S2: verify calculation,BLOCKED,BLOCKED_NOT_IMPLEMENTED,08-171,../real-machine-20260821-094227-kali-2qqYxp/ORCHESTRA_Real_Machine_Validation_2026-08-21_100242.md; ../real-machine-20260821-094227-kali-2qqYxp/FINDINGS.md,MEDIUM,The checked-out kernel prototype does not implement this capability; userspace or simulation evidence was not promoted.
08-172,Phase 8 — Coordination Index (S1/S2/S3/S4/Q),S3: capture action distribution,BLOCKED,BLOCKED_NOT_IMPLEMENTED,08-172,../real-machine-20260821-094227-kali-2qqYxp/ORCHESTRA_Real_Machine_Validation_2026-08-21_100242.md; ../real-machine-20260821-094227-kali-2qqYxp/FINDINGS.md,MEDIUM,The checked-out kernel prototype does not implement this capability; userspace or simulation evidence was not promoted.
08-173,Phase 8 — Coordination Index (S1/S2/S3/S4/Q),S3: measure action consistency,BLOCKED,BLOCKED_NOT_IMPLEMENTED,08-173,../real-machine-20260821-094227-kali-2qqYxp/ORCHESTRA_Real_Machine_Validation_2026-08-21_100242.md; ../real-machine-20260821-094227-kali-2qqYxp/FINDINGS.md,MEDIUM,The checked-out kernel prototype does not implement this capability; userspace or simulation evidence was not promoted.
08-174,Phase 8 — Coordination Index (S1/S2/S3/S4/Q),S3: detect divergent behavior,BLOCKED,BLOCKED_NOT_IMPLEMENTED,08-174,../real-machine-20260821-094227-kali-2qqYxp/ORCHESTRA_Real_Machine_Validation_2026-08-21_100242.md; ../real-machine-20260821-094227-kali-2qqYxp/FINDINGS.md,MEDIUM,The checked-out kernel prototype does not implement this capability; userspace or simulation evidence was not promoted.
08-175,Phase 8 — Coordination Index (S1/S2/S3/S4/Q),S3: calculate population coherence,BLOCKED,BLOCKED_NOT_IMPLEMENTED,08-175,../real-machine-20260821-094227-kali-2qqYxp/ORCHESTRA_Real_Machine_Validation_2026-08-21_100242.md; ../real-machine-20260821-094227-kali-2qqYxp/FINDINGS.md,MEDIUM,The checked-out kernel prototype does not implement this capability; userspace or simulation evidence was not promoted.
08-176,Phase 8 — Coordination Index (S1/S2/S3/S4/Q),S4: record previous/current actions,BLOCKED,BLOCKED_NOT_IMPLEMENTED,08-176,../real-machine-20260821-094227-kali-2qqYxp/ORCHESTRA_Real_Machine_Validation_2026-08-21_100242.md; ../real-machine-20260821-094227-kali-2qqYxp/FINDINGS.md,MEDIUM,The checked-out kernel prototype does not implement this capability; userspace or simulation evidence was not promoted.
08-177,Phase 8 — Coordination Index (S1/S2/S3/S4/Q),S4: count transitions,BLOCKED,BLOCKED_NOT_IMPLEMENTED,08-177,../real-machine-20260821-094227-kali-2qqYxp/ORCHESTRA_Real_Machine_Validation_2026-08-21_100242.md; ../real-machine-20260821-094227-kali-2qqYxp/FINDINGS.md,MEDIUM,The checked-out kernel prototype does not implement this capability; userspace or simulation evidence was not promoted.
08-178,Phase 8 — Coordination Index (S1/S2/S3/S4/Q),S4: detect mass switching,BLOCKED,BLOCKED_NOT_IMPLEMENTED,08-178,../real-machine-20260821-094227-kali-2qqYxp/ORCHESTRA_Real_Machine_Validation_2026-08-21_100242.md; ../real-machine-20260821-094227-kali-2qqYxp/FINDINGS.md,MEDIUM,The checked-out kernel prototype does not implement this capability; userspace or simulation evidence was not promoted.
08-179,Phase 8 — Coordination Index (S1/S2/S3/S4/Q),S4: detect oscillation,BLOCKED,BLOCKED_NOT_IMPLEMENTED,08-179,../real-machine-20260821-094227-kali-2qqYxp/ORCHESTRA_Real_Machine_Validation_2026-08-21_100242.md; ../real-machine-20260821-094227-kali-2qqYxp/FINDINGS.md,MEDIUM,The checked-out kernel prototype does not implement this capability; userspace or simulation evidence was not promoted.
08-180,Phase 8 — Coordination Index (S1/S2/S3/S4/Q),S4: calculate temporal stability,BLOCKED,BLOCKED_NOT_IMPLEMENTED,08-180,../real-machine-20260821-094227-kali-2qqYxp/ORCHESTRA_Real_Machine_Validation_2026-08-21_100242.md; ../real-machine-20260821-094227-kali-2qqYxp/FINDINGS.md,MEDIUM,The checked-out kernel prototype does not implement this capability; userspace or simulation evidence was not promoted.
08-181,Phase 8 — Coordination Index (S1/S2/S3/S4/Q),Verify composite Q calculation,BLOCKED,BLOCKED_NOT_IMPLEMENTED,08-181,../real-machine-20260821-094227-kali-2qqYxp/ORCHESTRA_Real_Machine_Validation_2026-08-21_100242.md; ../real-machine-20260821-094227-kali-2qqYxp/FINDINGS.md,MEDIUM,The checked-out kernel prototype does not implement this capability; userspace or simulation evidence was not promoted.
08-182,Phase 8 — Coordination Index (S1/S2/S3/S4/Q),Verify Q range,BLOCKED,BLOCKED_NOT_IMPLEMENTED,08-182,../real-machine-20260821-094227-kali-2qqYxp/ORCHESTRA_Real_Machine_Validation_2026-08-21_100242.md; ../real-machine-20260821-094227-kali-2qqYxp/FINDINGS.md,MEDIUM,The checked-out kernel prototype does not implement this capability; userspace or simulation evidence was not promoted.
08-183,Phase 8 — Coordination Index (S1/S2/S3/S4/Q),Verify Q responds to coordination degradation,BLOCKED,BLOCKED_NOT_IMPLEMENTED,08-183,../real-machine-20260821-094227-kali-2qqYxp/ORCHESTRA_Real_Machine_Validation_2026-08-21_100242.md; ../real-machine-20260821-094227-kali-2qqYxp/FINDINGS.md,MEDIUM,The checked-out kernel prototype does not implement this capability; userspace or simulation evidence was not promoted.
08-184,Phase 8 — Coordination Index (S1/S2/S3/S4/Q),Verify Q improves with coordination,BLOCKED,BLOCKED_NOT_IMPLEMENTED,08-184,../real-machine-20260821-094227-kali-2qqYxp/ORCHESTRA_Real_Machine_Validation_2026-08-21_100242.md; ../real-machine-20260821-094227-kali-2qqYxp/FINDINGS.md,MEDIUM,The checked-out kernel prototype does not implement this capability; userspace or simulation evidence was not promoted.
08-185,Phase 8 — Coordination Index (S1/S2/S3/S4/Q),Verify Q remains meaningful under synchronized behavior,BLOCKED,BLOCKED_NOT_IMPLEMENTED,08-185,../real-machine-20260821-094227-kali-2qqYxp/ORCHESTRA_Real_Machine_Validation_2026-08-21_100242.md; ../real-machine-20260821-094227-kali-2qqYxp/FINDINGS.md,MEDIUM,The checked-out kernel prototype does not implement this capability; userspace or simulation evidence was not promoted.
08-186,Phase 8 — Coordination Index (S1/S2/S3/S4/Q),Verify process/core/system aggregation,BLOCKED,BLOCKED_NOT_IMPLEMENTED,08-186,../real-machine-20260821-094227-kali-2qqYxp/ORCHESTRA_Real_Machine_Validation_2026-08-21_100242.md; ../real-machine-20260821-094227-kali-2qqYxp/FINDINGS.md,MEDIUM,The checked-out kernel prototype does not implement this capability; userspace or simulation evidence was not promoted.
09-187,Phase 9 — Feedback Controller,Verify controller initialization,BLOCKED,BLOCKED_NOT_IMPLEMENTED,09-187,../real-machine-20260821-094227-kali-2qqYxp/ORCHESTRA_Real_Machine_Validation_2026-08-21_100242.md; ../real-machine-20260821-094227-kali-2qqYxp/FINDINGS.md,MEDIUM,The checked-out kernel prototype does not implement this capability; userspace or simulation evidence was not promoted.
09-188,Phase 9 — Feedback Controller,Verify controller reads Q,BLOCKED,BLOCKED_NOT_IMPLEMENTED,09-188,../real-machine-20260821-094227-kali-2qqYxp/ORCHESTRA_Real_Machine_Validation_2026-08-21_100242.md; ../real-machine-20260821-094227-kali-2qqYxp/FINDINGS.md,MEDIUM,The checked-out kernel prototype does not implement this capability; userspace or simulation evidence was not promoted.
09-189,Phase 9 — Feedback Controller,Verify deficient sub-metric identification,BLOCKED,BLOCKED_NOT_IMPLEMENTED,09-189,../real-machine-20260821-094227-kali-2qqYxp/ORCHESTRA_Real_Machine_Validation_2026-08-21_100242.md; ../real-machine-20260821-094227-kali-2qqYxp/FINDINGS.md,MEDIUM,The checked-out kernel prototype does not implement this capability; userspace or simulation evidence was not promoted.
09-190,Phase 9 — Feedback Controller,Verify actuator selection,BLOCKED,BLOCKED_NOT_IMPLEMENTED,09-190,../real-machine-20260821-094227-kali-2qqYxp/ORCHESTRA_Real_Machine_Validation_2026-08-21_100242.md; ../real-machine-20260821-094227-kali-2qqYxp/FINDINGS.md,MEDIUM,The checked-out kernel prototype does not implement this capability; userspace or simulation evidence was not promoted.
09-191,Phase 9 — Feedback Controller,Verify parameter update,BLOCKED,BLOCKED_NOT_IMPLEMENTED,09-191,../real-machine-20260821-094227-kali-2qqYxp/ORCHESTRA_Real_Machine_Validation_2026-08-21_100242.md; ../real-machine-20260821-094227-kali-2qqYxp/FINDINGS.md,MEDIUM,The checked-out kernel prototype does not implement this capability; userspace or simulation evidence was not promoted.
09-192,Phase 9 — Feedback Controller,Verify parameter bounds,BLOCKED,BLOCKED_NOT_IMPLEMENTED,09-192,../real-machine-20260821-094227-kali-2qqYxp/ORCHESTRA_Real_Machine_Validation_2026-08-21_100242.md; ../real-machine-20260821-094227-kali-2qqYxp/FINDINGS.md,MEDIUM,The checked-out kernel prototype does not implement this capability; userspace or simulation evidence was not promoted.
09-193,Phase 9 — Feedback Controller,Check controller oscillation/saturation,BLOCKED,BLOCKED_NOT_IMPLEMENTED,09-193,../real-machine-20260821-094227-kali-2qqYxp/ORCHESTRA_Real_Machine_Validation_2026-08-21_100242.md; ../real-machine-20260821-094227-kali-2qqYxp/FINDINGS.md,MEDIUM,The checked-out kernel prototype does not implement this capability; userspace or simulation evidence was not promoted.
09-194,Phase 9 — Feedback Controller,Measure stabilization,BLOCKED,BLOCKED_NOT_IMPLEMENTED,09-194,../real-machine-20260821-094227-kali-2qqYxp/ORCHESTRA_Real_Machine_Validation_2026-08-21_100242.md; ../real-machine-20260821-094227-kali-2qqYxp/FINDINGS.md,MEDIUM,The checked-out kernel prototype does not implement this capability; userspace or simulation evidence was not promoted.
09-195,Phase 9 — Feedback Controller,Test per-agent perceptual jitter actuator,BLOCKED,BLOCKED_NOT_IMPLEMENTED,09-195,../real-machine-20260821-094227-kali-2qqYxp/ORCHESTRA_Real_Machine_Validation_2026-08-21_100242.md; ../real-machine-20260821-094227-kali-2qqYxp/FINDINGS.md,MEDIUM,The checked-out kernel prototype does not implement this capability; userspace or simulation evidence was not promoted.
09-196,Phase 9 — Feedback Controller,Test switching-penalty actuator,BLOCKED,BLOCKED_NOT_IMPLEMENTED,09-196,../real-machine-20260821-094227-kali-2qqYxp/ORCHESTRA_Real_Machine_Validation_2026-08-21_100242.md; ../real-machine-20260821-094227-kali-2qqYxp/FINDINGS.md,MEDIUM,The checked-out kernel prototype does not implement this capability; userspace or simulation evidence was not promoted.
09-197,Phase 9 — Feedback Controller,Test Q-table consensus mechanism,BLOCKED,BLOCKED_NOT_IMPLEMENTED,09-197,../real-machine-20260821-094227-kali-2qqYxp/ORCHESTRA_Real_Machine_Validation_2026-08-21_100242.md; ../real-machine-20260821-094227-kali-2qqYxp/FINDINGS.md,MEDIUM,The checked-out kernel prototype does not implement this capability; userspace or simulation evidence was not promoted.
09-198,Phase 9 — Feedback Controller,Test prediction-horizon actuator,BLOCKED,BLOCKED_NOT_IMPLEMENTED,09-198,../real-machine-20260821-094227-kali-2qqYxp/ORCHESTRA_Real_Machine_Validation_2026-08-21_100242.md; ../real-machine-20260821-094227-kali-2qqYxp/FINDINGS.md,MEDIUM,The checked-out kernel prototype does not implement this capability; userspace or simulation evidence was not promoted.
09-199,Phase 9 — Feedback Controller,Test signal-update-frequency actuator,BLOCKED,BLOCKED_NOT_IMPLEMENTED,09-199,../real-machine-20260821-094227-kali-2qqYxp/ORCHESTRA_Real_Machine_Validation_2026-08-21_100242.md; ../real-machine-20260821-094227-kali-2qqYxp/FINDINGS.md,MEDIUM,The checked-out kernel prototype does not implement this capability; userspace or simulation evidence was not promoted.
09-200,Phase 9 — Feedback Controller,Test scheduling thresholds,BLOCKED,BLOCKED_NOT_IMPLEMENTED,09-200,../real-machine-20260821-094227-kali-2qqYxp/ORCHESTRA_Real_Machine_Validation_2026-08-21_100242.md; ../real-machine-20260821-094227-kali-2qqYxp/FINDINGS.md,MEDIUM,The checked-out kernel prototype does not implement this capability; userspace or simulation evidence was not promoted.
09-201,Phase 9 — Feedback Controller,Verify inner adaptation and slower outer controller,BLOCKED,BLOCKED_NOT_IMPLEMENTED,09-201,../real-machine-20260821-094227-kali-2qqYxp/ORCHESTRA_Real_Machine_Validation_2026-08-21_100242.md; ../real-machine-20260821-094227-kali-2qqYxp/FINDINGS.md,MEDIUM,The checked-out kernel prototype does not implement this capability; userspace or simulation evidence was not promoted.
09-202,Phase 9 — Feedback Controller,Record controller cadence/step size,BLOCKED,BLOCKED_NOT_IMPLEMENTED,09-202,../real-machine-20260821-094227-kali-2qqYxp/ORCHESTRA_Real_Machine_Validation_2026-08-21_100242.md; ../real-machine-20260821-094227-kali-2qqYxp/FINDINGS.md,MEDIUM,The checked-out kernel prototype does not implement this capability; userspace or simulation evidence was not promoted.
09-203,Phase 9 — Feedback Controller,Record parameter evolution,BLOCKED,BLOCKED_NOT_IMPLEMENTED,09-203,../real-machine-20260821-094227-kali-2qqYxp/ORCHESTRA_Real_Machine_Validation_2026-08-21_100242.md; ../real-machine-20260821-094227-kali-2qqYxp/FINDINGS.md,MEDIUM,The checked-out kernel prototype does not implement this capability; userspace or simulation evidence was not promoted.
09-204,Phase 9 — Feedback Controller,Check learner/controller feedback oscillation,BLOCKED,BLOCKED_NOT_IMPLEMENTED,09-204,../real-machine-20260821-094227-kali-2qqYxp/ORCHESTRA_Real_Machine_Validation_2026-08-21_100242.md; ../real-machine-20260821-094227-kali-2qqYxp/FINDINGS.md,MEDIUM,The checked-out kernel prototype does not implement this capability; userspace or simulation evidence was not promoted.
10-205,Phase 10 — Instrumentation & Observability,Trace dispatch,INCONCLUSIVE,INCONCLUSIVE_INSUFFICIENT_EVIDENCE,10-205,../real-machine-20260821-094227-kali-2qqYxp/ORCHESTRA_Real_Machine_Validation_2026-08-21_100242.md; ../real-machine-20260821-094227-kali-2qqYxp/FINDINGS.md,MEDIUM,"Partial evidence exists, but the exact checklist claim was not fully demonstrated."
10-206,Phase 10 — Instrumentation & Observability,Trace migration,INCONCLUSIVE,INCONCLUSIVE_INSUFFICIENT_EVIDENCE,10-206,../real-machine-20260821-094227-kali-2qqYxp/ORCHESTRA_Real_Machine_Validation_2026-08-21_100242.md; ../real-machine-20260821-094227-kali-2qqYxp/FINDINGS.md,MEDIUM,"Partial evidence exists, but the exact checklist claim was not fully demonstrated."
10-207,Phase 10 — Instrumentation & Observability,Trace preemption,INCONCLUSIVE,INCONCLUSIVE_INSUFFICIENT_EVIDENCE,10-207,../real-machine-20260821-094227-kali-2qqYxp/ORCHESTRA_Real_Machine_Validation_2026-08-21_100242.md; ../real-machine-20260821-094227-kali-2qqYxp/FINDINGS.md,MEDIUM,"Partial evidence exists, but the exact checklist claim was not fully demonstrated."
10-208,Phase 10 — Instrumentation & Observability,Trace throttling,INCONCLUSIVE,INCONCLUSIVE_INSUFFICIENT_EVIDENCE,10-208,../real-machine-20260821-094227-kali-2qqYxp/ORCHESTRA_Real_Machine_Validation_2026-08-21_100242.md; ../real-machine-20260821-094227-kali-2qqYxp/FINDINGS.md,MEDIUM,"Partial evidence exists, but the exact checklist claim was not fully demonstrated."
10-209,Phase 10 — Instrumentation & Observability,Trace yield,INCONCLUSIVE,INCONCLUSIVE_INSUFFICIENT_EVIDENCE,10-209,../real-machine-20260821-094227-kali-2qqYxp/ORCHESTRA_Real_Machine_Validation_2026-08-21_100242.md; ../real-machine-20260821-094227-kali-2qqYxp/FINDINGS.md,MEDIUM,"Partial evidence exists, but the exact checklist claim was not fully demonstrated."
10-210,Phase 10 — Instrumentation & Observability,Trace sleep/wake,INCONCLUSIVE,INCONCLUSIVE_INSUFFICIENT_EVIDENCE,10-210,../real-machine-20260821-094227-kali-2qqYxp/ORCHESTRA_Real_Machine_Validation_2026-08-21_100242.md; ../real-machine-20260821-094227-kali-2qqYxp/FINDINGS.md,MEDIUM,"Partial evidence exists, but the exact checklist claim was not fully demonstrated."
10-211,Phase 10 — Instrumentation & Observability,Trace scheduling decisions and associated signal state,INCONCLUSIVE,INCONCLUSIVE_INSUFFICIENT_EVIDENCE,10-211,../real-machine-20260821-094227-kali-2qqYxp/ORCHESTRA_Real_Machine_Validation_2026-08-21_100242.md; ../real-machine-20260821-094227-kali-2qqYxp/FINDINGS.md,MEDIUM,"Partial evidence exists, but the exact checklist claim was not fully demonstrated."
10-212,Phase 10 — Instrumentation & Observability,Trace signal creation/publication/dissemination/validation/expiry/replacement,BLOCKED,BLOCKED_NOT_IMPLEMENTED,10-212,../real-machine-20260821-094227-kali-2qqYxp/ORCHESTRA_Real_Machine_Validation_2026-08-21_100242.md; ../real-machine-20260821-094227-kali-2qqYxp/FINDINGS.md,MEDIUM,The checked-out kernel prototype does not implement this capability; userspace or simulation evidence was not promoted.
10-213,Phase 10 — Instrumentation & Observability,Measure signal propagation latency,BLOCKED,BLOCKED_NOT_IMPLEMENTED,10-213,../real-machine-20260821-094227-kali-2qqYxp/ORCHESTRA_Real_Machine_Validation_2026-08-21_100242.md; ../real-machine-20260821-094227-kali-2qqYxp/FINDINGS.md,MEDIUM,The checked-out kernel prototype does not implement this capability; userspace or simulation evidence was not promoted.
10-214,Phase 10 — Instrumentation & Observability,Record synchronization/integrity failures,BLOCKED,BLOCKED_NOT_IMPLEMENTED,10-214,../real-machine-20260821-094227-kali-2qqYxp/ORCHESTRA_Real_Machine_Validation_2026-08-21_100242.md; ../real-machine-20260821-094227-kali-2qqYxp/FINDINGS.md,MEDIUM,The checked-out kernel prototype does not implement this capability; userspace or simulation evidence was not promoted.
10-215,Phase 10 — Instrumentation & Observability,Record prediction generation time/value/confidence/error/latency/model version,BLOCKED,BLOCKED_NOT_IMPLEMENTED,10-215,../real-machine-20260821-094227-kali-2qqYxp/ORCHESTRA_Real_Machine_Validation_2026-08-21_100242.md; ../real-machine-20260821-094227-kali-2qqYxp/FINDINGS.md,MEDIUM,The checked-out kernel prototype does not implement this capability; userspace or simulation evidence was not promoted.
10-216,Phase 10 — Instrumentation & Observability,Record scheduler state/action/policy/reward/adaptation/migration/decision latency,INCONCLUSIVE,INCONCLUSIVE_INSUFFICIENT_EVIDENCE,10-216,../real-machine-20260821-094227-kali-2qqYxp/ORCHESTRA_Real_Machine_Validation_2026-08-21_100242.md; ../real-machine-20260821-094227-kali-2qqYxp/FINDINGS.md,MEDIUM,"Partial evidence exists, but the exact checklist claim was not fully demonstrated."
10-217,Phase 10 — Instrumentation & Observability,Record S1/S2/S3/S4/Q,BLOCKED,BLOCKED_NOT_IMPLEMENTED,10-217,../real-machine-20260821-094227-kali-2qqYxp/ORCHESTRA_Real_Machine_Validation_2026-08-21_100242.md; ../real-machine-20260821-094227-kali-2qqYxp/FINDINGS.md,MEDIUM,The checked-out kernel prototype does not implement this capability; userspace or simulation evidence was not promoted.
10-218,Phase 10 — Instrumentation & Observability,Record controller activation/actuator/parameters/stabilization/saturation,BLOCKED,BLOCKED_NOT_IMPLEMENTED,10-218,../real-machine-20260821-094227-kali-2qqYxp/ORCHESTRA_Real_Machine_Validation_2026-08-21_100242.md; ../real-machine-20260821-094227-kali-2qqYxp/FINDINGS.md,MEDIUM,The checked-out kernel prototype does not implement this capability; userspace or simulation evidence was not promoted.
11-219,Phase 11 — Performance Overhead,Measure scheduling latency,BLOCKED,BLOCKED_MISSING_TOOL,11-219,../real-machine-20260821-094227-kali-2qqYxp/ORCHESTRA_Real_Machine_Validation_2026-08-21_100242.md; ../real-machine-20260821-094227-kali-2qqYxp/FINDINGS.md,LOW,"Not executed: safe ownership-validating infrastructure, exact feature implementation, or required tool was unavailable."
11-220,Phase 11 — Performance Overhead,Context-switch overhead,BLOCKED,BLOCKED_MISSING_TOOL,11-220,../real-machine-20260821-094227-kali-2qqYxp/ORCHESTRA_Real_Machine_Validation_2026-08-21_100242.md; ../real-machine-20260821-094227-kali-2qqYxp/FINDINGS.md,LOW,"Not executed: safe ownership-validating infrastructure, exact feature implementation, or required tool was unavailable."
11-221,Phase 11 — Performance Overhead,Decision latency,BLOCKED,BLOCKED_MISSING_TOOL,11-221,../real-machine-20260821-094227-kali-2qqYxp/ORCHESTRA_Real_Machine_Validation_2026-08-21_100242.md; ../real-machine-20260821-094227-kali-2qqYxp/FINDINGS.md,LOW,"Not executed: safe ownership-validating infrastructure, exact feature implementation, or required tool was unavailable."
11-222,Phase 11 — Performance Overhead,Prediction computation cost,BLOCKED,BLOCKED_MISSING_TOOL,11-222,../real-machine-20260821-094227-kali-2qqYxp/ORCHESTRA_Real_Machine_Validation_2026-08-21_100242.md; ../real-machine-20260821-094227-kali-2qqYxp/FINDINGS.md,LOW,"Not executed: safe ownership-validating infrastructure, exact feature implementation, or required tool was unavailable."
11-223,Phase 11 — Performance Overhead,Signal Bus cost,BLOCKED,BLOCKED_MISSING_TOOL,11-223,../real-machine-20260821-094227-kali-2qqYxp/ORCHESTRA_Real_Machine_Validation_2026-08-21_100242.md; ../real-machine-20260821-094227-kali-2qqYxp/FINDINGS.md,LOW,"Not executed: safe ownership-validating infrastructure, exact feature implementation, or required tool was unavailable."
11-224,Phase 11 — Performance Overhead,HMAC/integrity verification cost,BLOCKED,BLOCKED_MISSING_TOOL,11-224,../real-machine-20260821-094227-kali-2qqYxp/ORCHESTRA_Real_Machine_Validation_2026-08-21_100242.md; ../real-machine-20260821-094227-kali-2qqYxp/FINDINGS.md,LOW,"Not executed: safe ownership-validating infrastructure, exact feature implementation, or required tool was unavailable."
11-225,Phase 11 — Performance Overhead,Coordination-index cost,BLOCKED,BLOCKED_MISSING_TOOL,11-225,../real-machine-20260821-094227-kali-2qqYxp/ORCHESTRA_Real_Machine_Validation_2026-08-21_100242.md; ../real-machine-20260821-094227-kali-2qqYxp/FINDINGS.md,LOW,"Not executed: safe ownership-validating infrastructure, exact feature implementation, or required tool was unavailable."
11-226,Phase 11 — Performance Overhead,Controller cost,BLOCKED,BLOCKED_MISSING_TOOL,11-226,../real-machine-20260821-094227-kali-2qqYxp/ORCHESTRA_Real_Machine_Validation_2026-08-21_100242.md; ../real-machine-20260821-094227-kali-2qqYxp/FINDINGS.md,LOW,"Not executed: safe ownership-validating infrastructure, exact feature implementation, or required tool was unavailable."
11-227,Phase 11 — Performance Overhead,Adaptive-policy cost,BLOCKED,BLOCKED_MISSING_TOOL,11-227,../real-machine-20260821-094227-kali-2qqYxp/ORCHESTRA_Real_Machine_Validation_2026-08-21_100242.md; ../real-machine-20260821-094227-kali-2qqYxp/FINDINGS.md,LOW,"Not executed: safe ownership-validating infrastructure, exact feature implementation, or required tool was unavailable."
11-228,Phase 11 — Performance Overhead,Monitoring cost,BLOCKED,BLOCKED_MISSING_TOOL,11-228,../real-machine-20260821-094227-kali-2qqYxp/ORCHESTRA_Real_Machine_Validation_2026-08-21_100242.md; ../real-machine-20260821-094227-kali-2qqYxp/FINDINGS.md,LOW,"Not executed: safe ownership-validating infrastructure, exact feature implementation, or required tool was unavailable."
11-229,Phase 11 — Performance Overhead,Measure CPU overhead,BLOCKED,BLOCKED_MISSING_TOOL,11-229,../real-machine-20260821-094227-kali-2qqYxp/ORCHESTRA_Real_Machine_Validation_2026-08-21_100242.md; ../real-machine-20260821-094227-kali-2qqYxp/FINDINGS.md,LOW,"Not executed: safe ownership-validating infrastructure, exact feature implementation, or required tool was unavailable."
11-230,Phase 11 — Performance Overhead,Memory overhead,BLOCKED,BLOCKED_MISSING_TOOL,11-230,../real-machine-20260821-094227-kali-2qqYxp/ORCHESTRA_Real_Machine_Validation_2026-08-21_100242.md; ../real-machine-20260821-094227-kali-2qqYxp/FINDINGS.md,LOW,"Not executed: safe ownership-validating infrastructure, exact feature implementation, or required tool was unavailable."
11-231,Phase 11 — Performance Overhead,Kernel memory footprint,BLOCKED,BLOCKED_MISSING_TOOL,11-231,../real-machine-20260821-094227-kali-2qqYxp/ORCHESTRA_Real_Machine_Validation_2026-08-21_100242.md; ../real-machine-20260821-094227-kali-2qqYxp/FINDINGS.md,LOW,"Not executed: safe ownership-validating infrastructure, exact feature implementation, or required tool was unavailable."
11-232,Phase 11 — Performance Overhead,Cache misses/hit rate,BLOCKED,BLOCKED_MISSING_TOOL,11-232,../real-machine-20260821-094227-kali-2qqYxp/ORCHESTRA_Real_Machine_Validation_2026-08-21_100242.md; ../real-machine-20260821-094227-kali-2qqYxp/FINDINGS.md,LOW,"Not executed: safe ownership-validating infrastructure, exact feature implementation, or required tool was unavailable."
11-233,Phase 11 — Performance Overhead,Lock contention,BLOCKED,BLOCKED_MISSING_TOOL,11-233,../real-machine-20260821-094227-kali-2qqYxp/ORCHESTRA_Real_Machine_Validation_2026-08-21_100242.md; ../real-machine-20260821-094227-kali-2qqYxp/FINDINGS.md,LOW,"Not executed: safe ownership-validating infrastructure, exact feature implementation, or required tool was unavailable."
11-234,Phase 11 — Performance Overhead,Synchronization overhead,BLOCKED,BLOCKED_MISSING_TOOL,11-234,../real-machine-20260821-094227-kali-2qqYxp/ORCHESTRA_Real_Machine_Validation_2026-08-21_100242.md; ../real-machine-20260821-094227-kali-2qqYxp/FINDINGS.md,LOW,"Not executed: safe ownership-validating infrastructure, exact feature implementation, or required tool was unavailable."
11-235,Phase 11 — Performance Overhead,Inter-CPU communication overhead,BLOCKED,BLOCKED_MISSING_TOOL,11-235,../real-machine-20260821-094227-kali-2qqYxp/ORCHESTRA_Real_Machine_Validation_2026-08-21_100242.md; ../real-machine-20260821-094227-kali-2qqYxp/FINDINGS.md,LOW,"Not executed: safe ownership-validating infrastructure, exact feature implementation, or required tool was unavailable."
12-236,Phase 12 — Workload Matrix,CPU: single CPU-bound process,PASS,PASS,12-236,../real-machine-20260821-094227-kali-2qqYxp/stress/20260821-100155-cfs-smoke-output/results.csv; ../real-machine-20260821-094227-kali-2qqYxp/baseline/20260821-094943-baseline_fixed_work_retry2.stdout,INFORMATIONAL,Covered by this campaign at the stated evidence scope.
12-237,Phase 12 — Workload Matrix,CPU: multiple CPU-bound processes,PASS,PASS,12-237,../real-machine-20260821-094227-kali-2qqYxp/stress/20260821-100155-cfs-smoke-output/results.csv; ../real-machine-20260821-094227-kali-2qqYxp/baseline/20260821-094943-baseline_fixed_work_retry2.stdout,INFORMATIONAL,Covered by this campaign at the stated evidence scope.
12-238,Phase 12 — Workload Matrix,CPU: under-subscribed,PASS,PASS,12-238,../real-machine-20260821-094227-kali-2qqYxp/stress/20260821-100155-cfs-smoke-output/results.csv; ../real-machine-20260821-094227-kali-2qqYxp/baseline/20260821-094943-baseline_fixed_work_retry2.stdout,INFORMATIONAL,Covered by this campaign at the stated evidence scope.
12-239,Phase 12 — Workload Matrix,CPU: equal to CPU count,PASS,PASS,12-239,../real-machine-20260821-094227-kali-2qqYxp/stress/20260821-100155-cfs-smoke-output/results.csv; ../real-machine-20260821-094227-kali-2qqYxp/baseline/20260821-094943-baseline_fixed_work_retry2.stdout,INFORMATIONAL,Covered by this campaign at the stated evidence scope.
12-240,Phase 12 — Workload Matrix,CPU: over-subscribed,BLOCKED,BLOCKED_MISSING_TOOL,12-240,../real-machine-20260821-094227-kali-2qqYxp/stress/20260821-100155-cfs-smoke-output/results.csv; ../real-machine-20260821-094227-kali-2qqYxp/baseline/20260821-094943-baseline_fixed_work_retry2.stdout,LOW,"Not executed: safe ownership-validating infrastructure, exact feature implementation, or required tool was unavailable."
12-241,Phase 12 — Workload Matrix,CPU: bursty,BLOCKED,BLOCKED_MISSING_TOOL,12-241,../real-machine-20260821-094227-kali-2qqYxp/stress/20260821-100155-cfs-smoke-output/results.csv; ../real-machine-20260821-094227-kali-2qqYxp/baseline/20260821-094943-baseline_fixed_work_retry2.stdout,LOW,"Not executed: safe ownership-validating infrastructure, exact feature implementation, or required tool was unavailable."
12-242,Phase 12 — Workload Matrix,Memory: sequential,PASS,PASS,12-242,../real-machine-20260821-094227-kali-2qqYxp/stress/20260821-100155-cfs-smoke-output/results.csv; ../real-machine-20260821-094227-kali-2qqYxp/baseline/20260821-094943-baseline_fixed_work_retry2.stdout,INFORMATIONAL,Covered by this campaign at the stated evidence scope.
12-243,Phase 12 — Workload Matrix,Memory: random,BLOCKED,BLOCKED_MISSING_TOOL,12-243,../real-machine-20260821-094227-kali-2qqYxp/stress/20260821-100155-cfs-smoke-output/results.csv; ../real-machine-20260821-094227-kali-2qqYxp/baseline/20260821-094943-baseline_fixed_work_retry2.stdout,LOW,"Not executed: safe ownership-validating infrastructure, exact feature implementation, or required tool was unavailable."
12-244,Phase 12 — Workload Matrix,Memory: high pressure,PASS,PASS,12-244,../real-machine-20260821-094227-kali-2qqYxp/stress/20260821-100155-cfs-smoke-output/results.csv; ../real-machine-20260821-094227-kali-2qqYxp/baseline/20260821-094943-baseline_fixed_work_retry2.stdout,INFORMATIONAL,Covered by this campaign at the stated evidence scope.
12-245,Phase 12 — Workload Matrix,Memory: near exhaustion,BLOCKED,BLOCKED_MISSING_TOOL,12-245,../real-machine-20260821-094227-kali-2qqYxp/stress/20260821-100155-cfs-smoke-output/results.csv; ../real-machine-20260821-094227-kali-2qqYxp/baseline/20260821-094943-baseline_fixed_work_retry2.stdout,LOW,"Not executed: safe ownership-validating infrastructure, exact feature implementation, or required tool was unavailable."
12-246,Phase 12 — Workload Matrix,Memory: multiple workers,PASS,PASS,12-246,../real-machine-20260821-094227-kali-2qqYxp/stress/20260821-100155-cfs-smoke-output/results.csv; ../real-machine-20260821-094227-kali-2qqYxp/baseline/20260821-094943-baseline_fixed_work_retry2.stdout,INFORMATIONAL,Covered by this campaign at the stated evidence scope.
12-247,Phase 12 — Workload Matrix,I/O: sequential read/write,PASS,PASS,12-247,../real-machine-20260821-094227-kali-2qqYxp/stress/20260821-100155-cfs-smoke-output/results.csv; ../real-machine-20260821-094227-kali-2qqYxp/baseline/20260821-094943-baseline_fixed_work_retry2.stdout,INFORMATIONAL,Covered by this campaign at the stated evidence scope.
12-248,Phase 12 — Workload Matrix,I/O: random read/write,BLOCKED,BLOCKED_MISSING_TOOL,12-248,../real-machine-20260821-094227-kali-2qqYxp/stress/20260821-100155-cfs-smoke-output/results.csv; ../real-machine-20260821-094227-kali-2qqYxp/baseline/20260821-094943-baseline_fixed_work_retry2.stdout,LOW,"Not executed: safe ownership-validating infrastructure, exact feature implementation, or required tool was unavailable."
12-249,Phase 12 — Workload Matrix,I/O: multiple workers,PASS,PASS,12-249,../real-machine-20260821-094227-kali-2qqYxp/stress/20260821-100155-cfs-smoke-output/results.csv; ../real-machine-20260821-094227-kali-2qqYxp/baseline/20260821-094943-baseline_fixed_work_retry2.stdout,INFORMATIONAL,Covered by this campaign at the stated evidence scope.
12-250,Phase 12 — Workload Matrix,I/O: read-heavy,PASS,PASS,12-250,../real-machine-20260821-094227-kali-2qqYxp/stress/20260821-100155-cfs-smoke-output/results.csv; ../real-machine-20260821-094227-kali-2qqYxp/baseline/20260821-094943-baseline_fixed_work_retry2.stdout,INFORMATIONAL,Covered by this campaign at the stated evidence scope.
12-251,Phase 12 — Workload Matrix,I/O: write-heavy,PASS,PASS,12-251,../real-machine-20260821-094227-kali-2qqYxp/stress/20260821-100155-cfs-smoke-output/results.csv; ../real-machine-20260821-094227-kali-2qqYxp/baseline/20260821-094943-baseline_fixed_work_retry2.stdout,INFORMATIONAL,Covered by this campaign at the stated evidence scope.
12-252,Phase 12 — Workload Matrix,I/O: mixed,PASS,PASS,12-252,../real-machine-20260821-094227-kali-2qqYxp/stress/20260821-100155-cfs-smoke-output/results.csv; ../real-machine-20260821-094227-kali-2qqYxp/baseline/20260821-094943-baseline_fixed_work_retry2.stdout,INFORMATIONAL,Covered by this campaign at the stated evidence scope.
12-253,Phase 12 — Workload Matrix,Network: high throughput,BLOCKED,BLOCKED_MISSING_TOOL,12-253,../real-machine-20260821-094227-kali-2qqYxp/stress/20260821-100155-cfs-smoke-output/results.csv; ../real-machine-20260821-094227-kali-2qqYxp/baseline/20260821-094943-baseline_fixed_work_retry2.stdout,LOW,"Not executed: safe ownership-validating infrastructure, exact feature implementation, or required tool was unavailable."
12-254,Phase 12 — Workload Matrix,Network: high packet rate,BLOCKED,BLOCKED_MISSING_TOOL,12-254,../real-machine-20260821-094227-kali-2qqYxp/stress/20260821-100155-cfs-smoke-output/results.csv; ../real-machine-20260821-094227-kali-2qqYxp/baseline/20260821-094943-baseline_fixed_work_retry2.stdout,LOW,"Not executed: safe ownership-validating infrastructure, exact feature implementation, or required tool was unavailable."
12-255,Phase 12 — Workload Matrix,Network: multiple processes,BLOCKED,BLOCKED_MISSING_TOOL,12-255,../real-machine-20260821-094227-kali-2qqYxp/stress/20260821-100155-cfs-smoke-output/results.csv; ../real-machine-20260821-094227-kali-2qqYxp/baseline/20260821-094943-baseline_fixed_work_retry2.stdout,LOW,"Not executed: safe ownership-validating infrastructure, exact feature implementation, or required tool was unavailable."
12-256,Phase 12 — Workload Matrix,Network: bursty,BLOCKED,BLOCKED_MISSING_TOOL,12-256,../real-machine-20260821-094227-kali-2qqYxp/stress/20260821-100155-cfs-smoke-output/results.csv; ../real-machine-20260821-094227-kali-2qqYxp/baseline/20260821-094943-baseline_fixed_work_retry2.stdout,LOW,"Not executed: safe ownership-validating infrastructure, exact feature implementation, or required tool was unavailable."
12-257,Phase 12 — Workload Matrix,Network: mixed CPU/network,BLOCKED,BLOCKED_MISSING_TOOL,12-257,../real-machine-20260821-094227-kali-2qqYxp/stress/20260821-100155-cfs-smoke-output/results.csv; ../real-machine-20260821-094227-kali-2qqYxp/baseline/20260821-094943-baseline_fixed_work_retry2.stdout,LOW,"Not executed: safe ownership-validating infrastructure, exact feature implementation, or required tool was unavailable."
12-258,Phase 12 — Workload Matrix,Mixed: CPU+memory,BLOCKED,BLOCKED_MISSING_TOOL,12-258,../real-machine-20260821-094227-kali-2qqYxp/stress/20260821-100155-cfs-smoke-output/results.csv; ../real-machine-20260821-094227-kali-2qqYxp/baseline/20260821-094943-baseline_fixed_work_retry2.stdout,LOW,"Not executed: safe ownership-validating infrastructure, exact feature implementation, or required tool was unavailable."
12-259,Phase 12 — Workload Matrix,CPU+I/O,BLOCKED,BLOCKED_MISSING_TOOL,12-259,../real-machine-20260821-094227-kali-2qqYxp/stress/20260821-100155-cfs-smoke-output/results.csv; ../real-machine-20260821-094227-kali-2qqYxp/baseline/20260821-094943-baseline_fixed_work_retry2.stdout,LOW,"Not executed: safe ownership-validating infrastructure, exact feature implementation, or required tool was unavailable."
12-260,Phase 12 — Workload Matrix,CPU+network,BLOCKED,BLOCKED_MISSING_TOOL,12-260,../real-machine-20260821-094227-kali-2qqYxp/stress/20260821-100155-cfs-smoke-output/results.csv; ../real-machine-20260821-094227-kali-2qqYxp/baseline/20260821-094943-baseline_fixed_work_retry2.stdout,LOW,"Not executed: safe ownership-validating infrastructure, exact feature implementation, or required tool was unavailable."
12-261,Phase 12 — Workload Matrix,memory+I/O,BLOCKED,BLOCKED_MISSING_TOOL,12-261,../real-machine-20260821-094227-kali-2qqYxp/stress/20260821-100155-cfs-smoke-output/results.csv; ../real-machine-20260821-094227-kali-2qqYxp/baseline/20260821-094943-baseline_fixed_work_retry2.stdout,LOW,"Not executed: safe ownership-validating infrastructure, exact feature implementation, or required tool was unavailable."
12-262,Phase 12 — Workload Matrix,CPU+memory+I/O,BLOCKED,BLOCKED_MISSING_TOOL,12-262,../real-machine-20260821-094227-kali-2qqYxp/stress/20260821-100155-cfs-smoke-output/results.csv; ../real-machine-20260821-094227-kali-2qqYxp/baseline/20260821-094943-baseline_fixed_work_retry2.stdout,LOW,"Not executed: safe ownership-validating infrastructure, exact feature implementation, or required tool was unavailable."
12-263,Phase 12 — Workload Matrix,CPU+memory+network,BLOCKED,BLOCKED_MISSING_TOOL,12-263,../real-machine-20260821-094227-kali-2qqYxp/stress/20260821-100155-cfs-smoke-output/results.csv; ../real-machine-20260821-094227-kali-2qqYxp/baseline/20260821-094943-baseline_fixed_work_retry2.stdout,LOW,"Not executed: safe ownership-validating infrastructure, exact feature implementation, or required tool was unavailable."
12-264,Phase 12 — Workload Matrix,full mixed workload,INCONCLUSIVE,INCONCLUSIVE_INSUFFICIENT_EVIDENCE,12-264,../real-machine-20260821-094227-kali-2qqYxp/stress/20260821-100155-cfs-smoke-output/results.csv; ../real-machine-20260821-094227-kali-2qqYxp/baseline/20260821-094943-baseline_fixed_work_retry2.stdout,MEDIUM,"Partial evidence exists, but the exact checklist claim was not fully demonstrated."
13-265,Phase 13 — Dynamic Workloads,Stable workload,BLOCKED,BLOCKED_MISSING_TOOL,13-265,../real-machine-20260821-094227-kali-2qqYxp/ORCHESTRA_Real_Machine_Validation_2026-08-21_100242.md; ../real-machine-20260821-094227-kali-2qqYxp/FINDINGS.md,LOW,"Not executed: safe ownership-validating infrastructure, exact feature implementation, or required tool was unavailable."
13-266,Phase 13 — Dynamic Workloads,Gradually increasing load,BLOCKED,BLOCKED_MISSING_TOOL,13-266,../real-machine-20260821-094227-kali-2qqYxp/ORCHESTRA_Real_Machine_Validation_2026-08-21_100242.md; ../real-machine-20260821-094227-kali-2qqYxp/FINDINGS.md,LOW,"Not executed: safe ownership-validating infrastructure, exact feature implementation, or required tool was unavailable."
13-267,Phase 13 — Dynamic Workloads,Gradually decreasing load,BLOCKED,BLOCKED_MISSING_TOOL,13-267,../real-machine-20260821-094227-kali-2qqYxp/ORCHESTRA_Real_Machine_Validation_2026-08-21_100242.md; ../real-machine-20260821-094227-kali-2qqYxp/FINDINGS.md,LOW,"Not executed: safe ownership-validating infrastructure, exact feature implementation, or required tool was unavailable."
13-268,Phase 13 — Dynamic Workloads,Sudden load spike,BLOCKED,BLOCKED_MISSING_TOOL,13-268,../real-machine-20260821-094227-kali-2qqYxp/ORCHESTRA_Real_Machine_Validation_2026-08-21_100242.md; ../real-machine-20260821-094227-kali-2qqYxp/FINDINGS.md,LOW,"Not executed: safe ownership-validating infrastructure, exact feature implementation, or required tool was unavailable."
13-269,Phase 13 — Dynamic Workloads,Sudden load collapse,BLOCKED,BLOCKED_MISSING_TOOL,13-269,../real-machine-20260821-094227-kali-2qqYxp/ORCHESTRA_Real_Machine_Validation_2026-08-21_100242.md; ../real-machine-20260821-094227-kali-2qqYxp/FINDINGS.md,LOW,"Not executed: safe ownership-validating infrastructure, exact feature implementation, or required tool was unavailable."
13-270,Phase 13 — Dynamic Workloads,Periodic workload,BLOCKED,BLOCKED_MISSING_TOOL,13-270,../real-machine-20260821-094227-kali-2qqYxp/ORCHESTRA_Real_Machine_Validation_2026-08-21_100242.md; ../real-machine-20260821-094227-kali-2qqYxp/FINDINGS.md,LOW,"Not executed: safe ownership-validating infrastructure, exact feature implementation, or required tool was unavailable."
13-271,Phase 13 — Dynamic Workloads,Alternating workload,BLOCKED,BLOCKED_MISSING_TOOL,13-271,../real-machine-20260821-094227-kali-2qqYxp/ORCHESTRA_Real_Machine_Validation_2026-08-21_100242.md; ../real-machine-20260821-094227-kali-2qqYxp/FINDINGS.md,LOW,"Not executed: safe ownership-validating infrastructure, exact feature implementation, or required tool was unavailable."
13-272,Phase 13 — Dynamic Workloads,Random workload,BLOCKED,BLOCKED_MISSING_TOOL,13-272,../real-machine-20260821-094227-kali-2qqYxp/ORCHESTRA_Real_Machine_Validation_2026-08-21_100242.md; ../real-machine-20260821-094227-kali-2qqYxp/FINDINGS.md,LOW,"Not executed: safe ownership-validating infrastructure, exact feature implementation, or required tool was unavailable."
13-273,Phase 13 — Dynamic Workloads,Bursty workload,BLOCKED,BLOCKED_MISSING_TOOL,13-273,../real-machine-20260821-094227-kali-2qqYxp/ORCHESTRA_Real_Machine_Validation_2026-08-21_100242.md; ../real-machine-20260821-094227-kali-2qqYxp/FINDINGS.md,LOW,"Not executed: safe ownership-validating infrastructure, exact feature implementation, or required tool was unavailable."
13-274,Phase 13 — Dynamic Workloads,Multiple simultaneous transitions,BLOCKED,BLOCKED_MISSING_TOOL,13-274,../real-machine-20260821-094227-kali-2qqYxp/ORCHESTRA_Real_Machine_Validation_2026-08-21_100242.md; ../real-machine-20260821-094227-kali-2qqYxp/FINDINGS.md,LOW,"Not executed: safe ownership-validating infrastructure, exact feature implementation, or required tool was unavailable."
13-275,Phase 13 — Dynamic Workloads,Workload migration between CPUs,BLOCKED,BLOCKED_MISSING_TOOL,13-275,../real-machine-20260821-094227-kali-2qqYxp/ORCHESTRA_Real_Machine_Validation_2026-08-21_100242.md; ../real-machine-20260821-094227-kali-2qqYxp/FINDINGS.md,LOW,"Not executed: safe ownership-validating infrastructure, exact feature implementation, or required tool was unavailable."
13-276,Phase 13 — Dynamic Workloads,"For every dynamic case record prediction accuracy, response latency, Q, CPU utilization, throughput, migration rate, oscillation rate and recovery time",BLOCKED,BLOCKED_MISSING_TOOL,13-276,../real-machine-20260821-094227-kali-2qqYxp/ORCHESTRA_Real_Machine_Validation_2026-08-21_100242.md; ../real-machine-20260821-094227-kali-2qqYxp/FINDINGS.md,LOW,"Not executed: safe ownership-validating infrastructure, exact feature implementation, or required tool was unavailable."
14-277,Phase 14 — Stress Testing,CPU at 50%,BLOCKED,BLOCKED_MISSING_TOOL,14-277,../real-machine-20260821-094227-kali-2qqYxp/stress/20260821-100155-cfs-smoke-output/results.csv; ../real-machine-20260821-094227-kali-2qqYxp/baseline/20260821-094943-baseline_fixed_work_retry2.stdout,LOW,"Not executed: safe ownership-validating infrastructure, exact feature implementation, or required tool was unavailable."
14-278,Phase 14 — Stress Testing,70%,BLOCKED,BLOCKED_MISSING_TOOL,14-278,../real-machine-20260821-094227-kali-2qqYxp/stress/20260821-100155-cfs-smoke-output/results.csv; ../real-machine-20260821-094227-kali-2qqYxp/baseline/20260821-094943-baseline_fixed_work_retry2.stdout,LOW,"Not executed: safe ownership-validating infrastructure, exact feature implementation, or required tool was unavailable."
14-279,Phase 14 — Stress Testing,80%,BLOCKED,BLOCKED_MISSING_TOOL,14-279,../real-machine-20260821-094227-kali-2qqYxp/stress/20260821-100155-cfs-smoke-output/results.csv; ../real-machine-20260821-094227-kali-2qqYxp/baseline/20260821-094943-baseline_fixed_work_retry2.stdout,LOW,"Not executed: safe ownership-validating infrastructure, exact feature implementation, or required tool was unavailable."
14-280,Phase 14 — Stress Testing,90%,BLOCKED,BLOCKED_MISSING_TOOL,14-280,../real-machine-20260821-094227-kali-2qqYxp/stress/20260821-100155-cfs-smoke-output/results.csv; ../real-machine-20260821-094227-kali-2qqYxp/baseline/20260821-094943-baseline_fixed_work_retry2.stdout,LOW,"Not executed: safe ownership-validating infrastructure, exact feature implementation, or required tool was unavailable."
14-281,Phase 14 — Stress Testing,95%,BLOCKED,BLOCKED_MISSING_TOOL,14-281,../real-machine-20260821-094227-kali-2qqYxp/stress/20260821-100155-cfs-smoke-output/results.csv; ../real-machine-20260821-094227-kali-2qqYxp/baseline/20260821-094943-baseline_fixed_work_retry2.stdout,LOW,"Not executed: safe ownership-validating infrastructure, exact feature implementation, or required tool was unavailable."
14-282,Phase 14 — Stress Testing,near saturation,BLOCKED,BLOCKED_MISSING_TOOL,14-282,../real-machine-20260821-094227-kali-2qqYxp/stress/20260821-100155-cfs-smoke-output/results.csv; ../real-machine-20260821-094227-kali-2qqYxp/baseline/20260821-094943-baseline_fixed_work_retry2.stdout,LOW,"Not executed: safe ownership-validating infrastructure, exact feature implementation, or required tool was unavailable."
14-283,Phase 14 — Stress Testing,full saturation,BLOCKED,BLOCKED_MISSING_TOOL,14-283,../real-machine-20260821-094227-kali-2qqYxp/stress/20260821-100155-cfs-smoke-output/results.csv; ../real-machine-20260821-094227-kali-2qqYxp/baseline/20260821-094943-baseline_fixed_work_retry2.stdout,LOW,"Not executed: safe ownership-validating infrastructure, exact feature implementation, or required tool was unavailable."
14-284,Phase 14 — Stress Testing,Moderate memory pressure,PASS,PASS,14-284,../real-machine-20260821-094227-kali-2qqYxp/stress/20260821-100155-cfs-smoke-output/results.csv; ../real-machine-20260821-094227-kali-2qqYxp/baseline/20260821-094943-baseline_fixed_work_retry2.stdout,INFORMATIONAL,Covered by this campaign at the stated evidence scope.
14-285,Phase 14 — Stress Testing,High memory pressure,PASS,PASS,14-285,../real-machine-20260821-094227-kali-2qqYxp/stress/20260821-100155-cfs-smoke-output/results.csv; ../real-machine-20260821-094227-kali-2qqYxp/baseline/20260821-094943-baseline_fixed_work_retry2.stdout,INFORMATIONAL,Covered by this campaign at the stated evidence scope.
14-286,Phase 14 — Stress Testing,Near exhaustion,BLOCKED,BLOCKED_MISSING_TOOL,14-286,../real-machine-20260821-094227-kali-2qqYxp/stress/20260821-100155-cfs-smoke-output/results.csv; ../real-machine-20260821-094227-kali-2qqYxp/baseline/20260821-094943-baseline_fixed_work_retry2.stdout,LOW,"Not executed: safe ownership-validating infrastructure, exact feature implementation, or required tool was unavailable."
14-287,Phase 14 — Stress Testing,Concurrent memory workers,PASS,PASS,14-287,../real-machine-20260821-094227-kali-2qqYxp/stress/20260821-100155-cfs-smoke-output/results.csv; ../real-machine-20260821-094227-kali-2qqYxp/baseline/20260821-094943-baseline_fixed_work_retry2.stdout,INFORMATIONAL,Covered by this campaign at the stated evidence scope.
14-288,Phase 14 — Stress Testing,One CPU heavily loaded,BLOCKED,BLOCKED_MISSING_TOOL,14-288,../real-machine-20260821-094227-kali-2qqYxp/stress/20260821-100155-cfs-smoke-output/results.csv; ../real-machine-20260821-094227-kali-2qqYxp/baseline/20260821-094943-baseline_fixed_work_retry2.stdout,LOW,"Not executed: safe ownership-validating infrastructure, exact feature implementation, or required tool was unavailable."
14-289,Phase 14 — Stress Testing,Half CPUs heavily loaded,BLOCKED,BLOCKED_MISSING_TOOL,14-289,../real-machine-20260821-094227-kali-2qqYxp/stress/20260821-100155-cfs-smoke-output/results.csv; ../real-machine-20260821-094227-kali-2qqYxp/baseline/20260821-094943-baseline_fixed_work_retry2.stdout,LOW,"Not executed: safe ownership-validating infrastructure, exact feature implementation, or required tool was unavailable."
14-290,Phase 14 — Stress Testing,Uneven workload distribution,BLOCKED,BLOCKED_MISSING_TOOL,14-290,../real-machine-20260821-094227-kali-2qqYxp/stress/20260821-100155-cfs-smoke-output/results.csv; ../real-machine-20260821-094227-kali-2qqYxp/baseline/20260821-094943-baseline_fixed_work_retry2.stdout,LOW,"Not executed: safe ownership-validating infrastructure, exact feature implementation, or required tool was unavailable."
14-291,Phase 14 — Stress Testing,Forced affinity imbalance,BLOCKED,BLOCKED_MISSING_TOOL,14-291,../real-machine-20260821-094227-kali-2qqYxp/stress/20260821-100155-cfs-smoke-output/results.csv; ../real-machine-20260821-094227-kali-2qqYxp/baseline/20260821-094943-baseline_fixed_work_retry2.stdout,LOW,"Not executed: safe ownership-validating infrastructure, exact feature implementation, or required tool was unavailable."
14-292,Phase 14 — Stress Testing,Migration pressure,BLOCKED,BLOCKED_MISSING_TOOL,14-292,../real-machine-20260821-094227-kali-2qqYxp/stress/20260821-100155-cfs-smoke-output/results.csv; ../real-machine-20260821-094227-kali-2qqYxp/baseline/20260821-094943-baseline_fixed_work_retry2.stdout,LOW,"Not executed: safe ownership-validating infrastructure, exact feature implementation, or required tool was unavailable."
14-293,Phase 14 — Stress Testing,Normal temperature,PASS,PASS,14-293,../real-machine-20260821-094227-kali-2qqYxp/stress/20260821-100155-cfs-smoke-output/results.csv; ../real-machine-20260821-094227-kali-2qqYxp/baseline/20260821-094943-baseline_fixed_work_retry2.stdout,INFORMATIONAL,Covered by this campaign at the stated evidence scope.
14-294,Phase 14 — Stress Testing,Elevated temperature,BLOCKED,BLOCKED_MISSING_TOOL,14-294,../real-machine-20260821-094227-kali-2qqYxp/stress/20260821-100155-cfs-smoke-output/results.csv; ../real-machine-20260821-094227-kali-2qqYxp/baseline/20260821-094943-baseline_fixed_work_retry2.stdout,LOW,"Not executed: safe ownership-validating infrastructure, exact feature implementation, or required tool was unavailable."
14-295,Phase 14 — Stress Testing,Sustained high temperature,BLOCKED,BLOCKED_MISSING_TOOL,14-295,../real-machine-20260821-094227-kali-2qqYxp/stress/20260821-100155-cfs-smoke-output/results.csv; ../real-machine-20260821-094227-kali-2qqYxp/baseline/20260821-094943-baseline_fixed_work_retry2.stdout,LOW,"Not executed: safe ownership-validating infrastructure, exact feature implementation, or required tool was unavailable."
14-296,Phase 14 — Stress Testing,Safely reproducible thermal-throttling condition,BLOCKED,BLOCKED_MISSING_TOOL,14-296,../real-machine-20260821-094227-kali-2qqYxp/stress/20260821-100155-cfs-smoke-output/results.csv; ../real-machine-20260821-094227-kali-2qqYxp/baseline/20260821-094943-baseline_fixed_work_retry2.stdout,LOW,"Not executed: safe ownership-validating infrastructure, exact feature implementation, or required tool was unavailable."
14-297,Phase 14 — Stress Testing,10-minute run,BLOCKED,BLOCKED_MISSING_TOOL,14-297,../real-machine-20260821-094227-kali-2qqYxp/stress/20260821-100155-cfs-smoke-output/results.csv; ../real-machine-20260821-094227-kali-2qqYxp/baseline/20260821-094943-baseline_fixed_work_retry2.stdout,LOW,"Not executed: safe ownership-validating infrastructure, exact feature implementation, or required tool was unavailable."
14-298,Phase 14 — Stress Testing,30-minute run,BLOCKED,BLOCKED_MISSING_TOOL,14-298,../real-machine-20260821-094227-kali-2qqYxp/stress/20260821-100155-cfs-smoke-output/results.csv; ../real-machine-20260821-094227-kali-2qqYxp/baseline/20260821-094943-baseline_fixed_work_retry2.stdout,LOW,"Not executed: safe ownership-validating infrastructure, exact feature implementation, or required tool was unavailable."
14-299,Phase 14 — Stress Testing,1-hour run,BLOCKED,BLOCKED_MISSING_TOOL,14-299,../real-machine-20260821-094227-kali-2qqYxp/stress/20260821-100155-cfs-smoke-output/results.csv; ../real-machine-20260821-094227-kali-2qqYxp/baseline/20260821-094943-baseline_fixed_work_retry2.stdout,LOW,"Not executed: safe ownership-validating infrastructure, exact feature implementation, or required tool was unavailable."
14-300,Phase 14 — Stress Testing,Multi-hour run,BLOCKED,BLOCKED_MISSING_TOOL,14-300,../real-machine-20260821-094227-kali-2qqYxp/stress/20260821-100155-cfs-smoke-output/results.csv; ../real-machine-20260821-094227-kali-2qqYxp/baseline/20260821-094943-baseline_fixed_work_retry2.stdout,LOW,"Not executed: safe ownership-validating infrastructure, exact feature implementation, or required tool was unavailable."
14-301,Phase 14 — Stress Testing,Overnight run if practical,BLOCKED,BLOCKED_MISSING_TOOL,14-301,../real-machine-20260821-094227-kali-2qqYxp/stress/20260821-100155-cfs-smoke-output/results.csv; ../real-machine-20260821-094227-kali-2qqYxp/baseline/20260821-094943-baseline_fixed_work_retry2.stdout,LOW,"Not executed: safe ownership-validating infrastructure, exact feature implementation, or required tool was unavailable."
14-302,Phase 14 — Stress Testing,Check memory leaks,BLOCKED,BLOCKED_MISSING_TOOL,14-302,../real-machine-20260821-094227-kali-2qqYxp/stress/20260821-100155-cfs-smoke-output/results.csv; ../real-machine-20260821-094227-kali-2qqYxp/baseline/20260821-094943-baseline_fixed_work_retry2.stdout,LOW,"Not executed: safe ownership-validating infrastructure, exact feature implementation, or required tool was unavailable."
14-303,Phase 14 — Stress Testing,CPU-overhead drift,BLOCKED,BLOCKED_MISSING_TOOL,14-303,../real-machine-20260821-094227-kali-2qqYxp/stress/20260821-100155-cfs-smoke-output/results.csv; ../real-machine-20260821-094227-kali-2qqYxp/baseline/20260821-094943-baseline_fixed_work_retry2.stdout,LOW,"Not executed: safe ownership-validating infrastructure, exact feature implementation, or required tool was unavailable."
14-304,Phase 14 — Stress Testing,Q degradation,BLOCKED,BLOCKED_MISSING_TOOL,14-304,../real-machine-20260821-094227-kali-2qqYxp/stress/20260821-100155-cfs-smoke-output/results.csv; ../real-machine-20260821-094227-kali-2qqYxp/baseline/20260821-094943-baseline_fixed_work_retry2.stdout,LOW,"Not executed: safe ownership-validating infrastructure, exact feature implementation, or required tool was unavailable."
14-305,Phase 14 — Stress Testing,Predictor degradation,BLOCKED,BLOCKED_MISSING_TOOL,14-305,../real-machine-20260821-094227-kali-2qqYxp/stress/20260821-100155-cfs-smoke-output/results.csv; ../real-machine-20260821-094227-kali-2qqYxp/baseline/20260821-094943-baseline_fixed_work_retry2.stdout,LOW,"Not executed: safe ownership-validating infrastructure, exact feature implementation, or required tool was unavailable."
14-306,Phase 14 — Stress Testing,Controller drift,BLOCKED,BLOCKED_MISSING_TOOL,14-306,../real-machine-20260821-094227-kali-2qqYxp/stress/20260821-100155-cfs-smoke-output/results.csv; ../real-machine-20260821-094227-kali-2qqYxp/baseline/20260821-094943-baseline_fixed_work_retry2.stdout,LOW,"Not executed: safe ownership-validating infrastructure, exact feature implementation, or required tool was unavailable."
14-307,Phase 14 — Stress Testing,scheduler instability,BLOCKED,BLOCKED_MISSING_TOOL,14-307,../real-machine-20260821-094227-kali-2qqYxp/stress/20260821-100155-cfs-smoke-output/results.csv; ../real-machine-20260821-094227-kali-2qqYxp/baseline/20260821-094943-baseline_fixed_work_retry2.stdout,LOW,"Not executed: safe ownership-validating infrastructure, exact feature implementation, or required tool was unavailable."
14-308,Phase 14 — Stress Testing,log-buffer exhaustion,BLOCKED,BLOCKED_MISSING_TOOL,14-308,../real-machine-20260821-094227-kali-2qqYxp/stress/20260821-100155-cfs-smoke-output/results.csv; ../real-machine-20260821-094227-kali-2qqYxp/baseline/20260821-094943-baseline_fixed_work_retry2.stdout,LOW,"Not executed: safe ownership-validating infrastructure, exact feature implementation, or required tool was unavailable."
14-309,Phase 14 — Stress Testing,resource exhaustion,BLOCKED,BLOCKED_MISSING_TOOL,14-309,../real-machine-20260821-094227-kali-2qqYxp/stress/20260821-100155-cfs-smoke-output/results.csv; ../real-machine-20260821-094227-kali-2qqYxp/baseline/20260821-094943-baseline_fixed_work_retry2.stdout,LOW,"Not executed: safe ownership-validating infrastructure, exact feature implementation, or required tool was unavailable."
15-310,Phase 15 — Thundering-Herd / Synchronization,Create many eligible processes with similar observed state,BLOCKED,BLOCKED_NOT_IMPLEMENTED,15-310,../real-machine-20260821-094227-kali-2qqYxp/ORCHESTRA_Real_Machine_Validation_2026-08-21_100242.md; ../real-machine-20260821-094227-kali-2qqYxp/FINDINGS.md,MEDIUM,The checked-out kernel prototype does not implement this capability; userspace or simulation evidence was not promoted.
15-311,Phase 15 — Thundering-Herd / Synchronization,Induce common threshold crossing,BLOCKED,BLOCKED_NOT_IMPLEMENTED,15-311,../real-machine-20260821-094227-kali-2qqYxp/ORCHESTRA_Real_Machine_Validation_2026-08-21_100242.md; ../real-machine-20260821-094227-kali-2qqYxp/FINDINGS.md,MEDIUM,The checked-out kernel prototype does not implement this capability; userspace or simulation evidence was not promoted.
15-312,Phase 15 — Thundering-Herd / Synchronization,Induce common CPU-load change,BLOCKED,BLOCKED_NOT_IMPLEMENTED,15-312,../real-machine-20260821-094227-kali-2qqYxp/ORCHESTRA_Real_Machine_Validation_2026-08-21_100242.md; ../real-machine-20260821-094227-kali-2qqYxp/FINDINGS.md,MEDIUM,The checked-out kernel prototype does not implement this capability; userspace or simulation evidence was not promoted.
15-313,Phase 15 — Thundering-Herd / Synchronization,Induce common predicted-state transition,BLOCKED,BLOCKED_NOT_IMPLEMENTED,15-313,../real-machine-20260821-094227-kali-2qqYxp/ORCHESTRA_Real_Machine_Validation_2026-08-21_100242.md; ../real-machine-20260821-094227-kali-2qqYxp/FINDINGS.md,MEDIUM,The checked-out kernel prototype does not implement this capability; userspace or simulation evidence was not promoted.
15-314,Phase 15 — Thundering-Herd / Synchronization,Induce common directive,BLOCKED,BLOCKED_NOT_IMPLEMENTED,15-314,../real-machine-20260821-094227-kali-2qqYxp/ORCHESTRA_Real_Machine_Validation_2026-08-21_100242.md; ../real-machine-20260821-094227-kali-2qqYxp/FINDINGS.md,MEDIUM,The checked-out kernel prototype does not implement this capability; userspace or simulation evidence was not promoted.
15-315,Phase 15 — Thundering-Herd / Synchronization,Measure simultaneous action changes,BLOCKED,BLOCKED_NOT_IMPLEMENTED,15-315,../real-machine-20260821-094227-kali-2qqYxp/ORCHESTRA_Real_Machine_Validation_2026-08-21_100242.md; ../real-machine-20260821-094227-kali-2qqYxp/FINDINGS.md,MEDIUM,The checked-out kernel prototype does not implement this capability; userspace or simulation evidence was not promoted.
15-316,Phase 15 — Thundering-Herd / Synchronization,Measure migration bursts,BLOCKED,BLOCKED_NOT_IMPLEMENTED,15-316,../real-machine-20260821-094227-kali-2qqYxp/ORCHESTRA_Real_Machine_Validation_2026-08-21_100242.md; ../real-machine-20260821-094227-kali-2qqYxp/FINDINGS.md,MEDIUM,The checked-out kernel prototype does not implement this capability; userspace or simulation evidence was not promoted.
15-317,Phase 15 — Thundering-Herd / Synchronization,Measure wake-up bursts,BLOCKED,BLOCKED_NOT_IMPLEMENTED,15-317,../real-machine-20260821-094227-kali-2qqYxp/ORCHESTRA_Real_Machine_Validation_2026-08-21_100242.md; ../real-machine-20260821-094227-kali-2qqYxp/FINDINGS.md,MEDIUM,The checked-out kernel prototype does not implement this capability; userspace or simulation evidence was not promoted.
15-318,Phase 15 — Thundering-Herd / Synchronization,Measure CPU-utilization oscillation,BLOCKED,BLOCKED_NOT_IMPLEMENTED,15-318,../real-machine-20260821-094227-kali-2qqYxp/ORCHESTRA_Real_Machine_Validation_2026-08-21_100242.md; ../real-machine-20260821-094227-kali-2qqYxp/FINDINGS.md,MEDIUM,The checked-out kernel prototype does not implement this capability; userspace or simulation evidence was not promoted.
15-319,Phase 15 — Thundering-Herd / Synchronization,Measure queue oscillation,BLOCKED,BLOCKED_NOT_IMPLEMENTED,15-319,../real-machine-20260821-094227-kali-2qqYxp/ORCHESTRA_Real_Machine_Validation_2026-08-21_100242.md; ../real-machine-20260821-094227-kali-2qqYxp/FINDINGS.md,MEDIUM,The checked-out kernel prototype does not implement this capability; userspace or simulation evidence was not promoted.
15-320,Phase 15 — Thundering-Herd / Synchronization,Measure S3,BLOCKED,BLOCKED_NOT_IMPLEMENTED,15-320,../real-machine-20260821-094227-kali-2qqYxp/ORCHESTRA_Real_Machine_Validation_2026-08-21_100242.md; ../real-machine-20260821-094227-kali-2qqYxp/FINDINGS.md,MEDIUM,The checked-out kernel prototype does not implement this capability; userspace or simulation evidence was not promoted.
15-321,Phase 15 — Thundering-Herd / Synchronization,Measure S4,BLOCKED,BLOCKED_NOT_IMPLEMENTED,15-321,../real-machine-20260821-094227-kali-2qqYxp/ORCHESTRA_Real_Machine_Validation_2026-08-21_100242.md; ../real-machine-20260821-094227-kali-2qqYxp/FINDINGS.md,MEDIUM,The checked-out kernel prototype does not implement this capability; userspace or simulation evidence was not promoted.
15-322,Phase 15 — Thundering-Herd / Synchronization,Measure Q,BLOCKED,BLOCKED_NOT_IMPLEMENTED,15-322,../real-machine-20260821-094227-kali-2qqYxp/ORCHESTRA_Real_Machine_Validation_2026-08-21_100242.md; ../real-machine-20260821-094227-kali-2qqYxp/FINDINGS.md,MEDIUM,The checked-out kernel prototype does not implement this capability; userspace or simulation evidence was not promoted.
15-323,Phase 15 — Thundering-Herd / Synchronization,Measure recovery time,BLOCKED,BLOCKED_NOT_IMPLEMENTED,15-323,../real-machine-20260821-094227-kali-2qqYxp/ORCHESTRA_Real_Machine_Validation_2026-08-21_100242.md; ../real-machine-20260821-094227-kali-2qqYxp/FINDINGS.md,MEDIUM,The checked-out kernel prototype does not implement this capability; userspace or simulation evidence was not promoted.
15-324,Phase 15 — Thundering-Herd / Synchronization,Compare Linux baseline vs ORCHESTRA without anti-synchronization vs final ORCHESTRA,BLOCKED,BLOCKED_NOT_IMPLEMENTED,15-324,../real-machine-20260821-094227-kali-2qqYxp/ORCHESTRA_Real_Machine_Validation_2026-08-21_100242.md; ../real-machine-20260821-094227-kali-2qqYxp/FINDINGS.md,MEDIUM,The checked-out kernel prototype does not implement this capability; userspace or simulation evidence was not promoted.
16-325,Phase 16 — Fairness & Starvation,Measure CPU share per process,BLOCKED,BLOCKED_MISSING_TOOL,16-325,../real-machine-20260821-094227-kali-2qqYxp/ORCHESTRA_Real_Machine_Validation_2026-08-21_100242.md; ../real-machine-20260821-094227-kali-2qqYxp/FINDINGS.md,LOW,"Not executed: safe ownership-validating infrastructure, exact feature implementation, or required tool was unavailable."
16-326,Phase 16 — Fairness & Starvation,Measure CPU-share variance,BLOCKED,BLOCKED_MISSING_TOOL,16-326,../real-machine-20260821-094227-kali-2qqYxp/ORCHESTRA_Real_Machine_Validation_2026-08-21_100242.md; ../real-machine-20260821-094227-kali-2qqYxp/FINDINGS.md,LOW,"Not executed: safe ownership-validating infrastructure, exact feature implementation, or required tool was unavailable."
16-327,Phase 16 — Fairness & Starvation,Calculate fairness metric if adopted,BLOCKED,BLOCKED_MISSING_TOOL,16-327,../real-machine-20260821-094227-kali-2qqYxp/ORCHESTRA_Real_Machine_Validation_2026-08-21_100242.md; ../real-machine-20260821-094227-kali-2qqYxp/FINDINGS.md,LOW,"Not executed: safe ownership-validating infrastructure, exact feature implementation, or required tool was unavailable."
16-328,Phase 16 — Fairness & Starvation,Measure waiting time,BLOCKED,BLOCKED_MISSING_TOOL,16-328,../real-machine-20260821-094227-kali-2qqYxp/ORCHESTRA_Real_Machine_Validation_2026-08-21_100242.md; ../real-machine-20260821-094227-kali-2qqYxp/FINDINGS.md,LOW,"Not executed: safe ownership-validating infrastructure, exact feature implementation, or required tool was unavailable."
16-329,Phase 16 — Fairness & Starvation,Measure response time,BLOCKED,BLOCKED_MISSING_TOOL,16-329,../real-machine-20260821-094227-kali-2qqYxp/ORCHESTRA_Real_Machine_Validation_2026-08-21_100242.md; ../real-machine-20260821-094227-kali-2qqYxp/FINDINGS.md,LOW,"Not executed: safe ownership-validating infrastructure, exact feature implementation, or required tool was unavailable."
16-330,Phase 16 — Fairness & Starvation,Measure completion time,BLOCKED,BLOCKED_MISSING_TOOL,16-330,../real-machine-20260821-094227-kali-2qqYxp/ORCHESTRA_Real_Machine_Validation_2026-08-21_100242.md; ../real-machine-20260821-094227-kali-2qqYxp/FINDINGS.md,LOW,"Not executed: safe ownership-validating infrastructure, exact feature implementation, or required tool was unavailable."
16-331,Phase 16 — Fairness & Starvation,Detect starvation,BLOCKED,BLOCKED_MISSING_TOOL,16-331,../real-machine-20260821-094227-kali-2qqYxp/ORCHESTRA_Real_Machine_Validation_2026-08-21_100242.md; ../real-machine-20260821-094227-kali-2qqYxp/FINDINGS.md,LOW,"Not executed: safe ownership-validating infrastructure, exact feature implementation, or required tool was unavailable."
16-332,Phase 16 — Fairness & Starvation,Test long-running task fairness,BLOCKED,BLOCKED_MISSING_TOOL,16-332,../real-machine-20260821-094227-kali-2qqYxp/ORCHESTRA_Real_Machine_Validation_2026-08-21_100242.md; ../real-machine-20260821-094227-kali-2qqYxp/FINDINGS.md,LOW,"Not executed: safe ownership-validating infrastructure, exact feature implementation, or required tool was unavailable."
16-333,Phase 16 — Fairness & Starvation,Test short-task responsiveness,BLOCKED,BLOCKED_MISSING_TOOL,16-333,../real-machine-20260821-094227-kali-2qqYxp/ORCHESTRA_Real_Machine_Validation_2026-08-21_100242.md; ../real-machine-20260821-094227-kali-2qqYxp/FINDINGS.md,LOW,"Not executed: safe ownership-validating infrastructure, exact feature implementation, or required tool was unavailable."
16-334,Phase 16 — Fairness & Starvation,Test interactive responsiveness,BLOCKED,BLOCKED_MISSING_TOOL,16-334,../real-machine-20260821-094227-kali-2qqYxp/ORCHESTRA_Real_Machine_Validation_2026-08-21_100242.md; ../real-machine-20260821-094227-kali-2qqYxp/FINDINGS.md,LOW,"Not executed: safe ownership-validating infrastructure, exact feature implementation, or required tool was unavailable."
16-335,Phase 16 — Fairness & Starvation,Test I/O-bound fairness,BLOCKED,BLOCKED_MISSING_TOOL,16-335,../real-machine-20260821-094227-kali-2qqYxp/ORCHESTRA_Real_Machine_Validation_2026-08-21_100242.md; ../real-machine-20260821-094227-kali-2qqYxp/FINDINGS.md,LOW,"Not executed: safe ownership-validating infrastructure, exact feature implementation, or required tool was unavailable."
16-336,Phase 16 — Fairness & Starvation,Test CPU-bound fairness,BLOCKED,BLOCKED_MISSING_TOOL,16-336,../real-machine-20260821-094227-kali-2qqYxp/ORCHESTRA_Real_Machine_Validation_2026-08-21_100242.md; ../real-machine-20260821-094227-kali-2qqYxp/FINDINGS.md,LOW,"Not executed: safe ownership-validating infrastructure, exact feature implementation, or required tool was unavailable."
17-337,Phase 17 — Migration,Single migration,PASS,PASS,17-337,../real-machine-20260821-094227-kali-2qqYxp/workloads/20260821-095235-migrate_observe_3_retry.stdout,INFORMATIONAL,Covered by this campaign at the stated evidence scope.
17-338,Phase 17 — Migration,Repeated migration,PASS,PASS,17-338,../real-machine-20260821-094227-kali-2qqYxp/workloads/20260821-095235-migrate_observe_3_retry.stdout,INFORMATIONAL,Covered by this campaign at the stated evidence scope.
17-339,Phase 17 — Migration,Multiple-process migration,BLOCKED,BLOCKED_MISSING_TOOL,17-339,../real-machine-20260821-094227-kali-2qqYxp/workloads/20260821-095235-migrate_observe_3_retry.stdout,LOW,"Not executed: safe ownership-validating infrastructure, exact feature implementation, or required tool was unavailable."
17-340,Phase 17 — Migration,Cross-core migration,PASS,PASS,17-340,../real-machine-20260821-094227-kali-2qqYxp/workloads/20260821-095235-migrate_observe_3_retry.stdout,INFORMATIONAL,Covered by this campaign at the stated evidence scope.
17-341,Phase 17 — Migration,Cross-socket migration,BLOCKED,BLOCKED_MISSING_TOOL,17-341,../real-machine-20260821-094227-kali-2qqYxp/workloads/20260821-095235-migrate_observe_3_retry.stdout,LOW,"Not executed: safe ownership-validating infrastructure, exact feature implementation, or required tool was unavailable."
17-342,Phase 17 — Migration,NUMA migration,BLOCKED,BLOCKED_MISSING_TOOL,17-342,../real-machine-20260821-094227-kali-2qqYxp/workloads/20260821-095235-migrate_observe_3_retry.stdout,LOW,"Not executed: safe ownership-validating infrastructure, exact feature implementation, or required tool was unavailable."
17-343,Phase 17 — Migration,Migration under CPU saturation,BLOCKED,BLOCKED_MISSING_TOOL,17-343,../real-machine-20260821-094227-kali-2qqYxp/workloads/20260821-095235-migrate_observe_3_retry.stdout,LOW,"Not executed: safe ownership-validating infrastructure, exact feature implementation, or required tool was unavailable."
17-344,Phase 17 — Migration,Migration under memory pressure,BLOCKED,BLOCKED_MISSING_TOOL,17-344,../real-machine-20260821-094227-kali-2qqYxp/workloads/20260821-095235-migrate_observe_3_retry.stdout,LOW,"Not executed: safe ownership-validating infrastructure, exact feature implementation, or required tool was unavailable."
17-345,Phase 17 — Migration,Migration under thermal pressure,BLOCKED,BLOCKED_MISSING_TOOL,17-345,../real-machine-20260821-094227-kali-2qqYxp/workloads/20260821-095235-migrate_observe_3_retry.stdout,LOW,"Not executed: safe ownership-validating infrastructure, exact feature implementation, or required tool was unavailable."
17-346,Phase 17 — Migration,Detect migration oscillation,BLOCKED,BLOCKED_MISSING_TOOL,17-346,../real-machine-20260821-094227-kali-2qqYxp/workloads/20260821-095235-migrate_observe_3_retry.stdout,LOW,"Not executed: safe ownership-validating infrastructure, exact feature implementation, or required tool was unavailable."
17-347,Phase 17 — Migration,Measure migration overhead,BLOCKED,BLOCKED_MISSING_TOOL,17-347,../real-machine-20260821-094227-kali-2qqYxp/workloads/20260821-095235-migrate_observe_3_retry.stdout,LOW,"Not executed: safe ownership-validating infrastructure, exact feature implementation, or required tool was unavailable."
17-348,Phase 17 — Migration,Measure cache impact,BLOCKED,BLOCKED_MISSING_TOOL,17-348,../real-machine-20260821-094227-kali-2qqYxp/workloads/20260821-095235-migrate_observe_3_retry.stdout,LOW,"Not executed: safe ownership-validating infrastructure, exact feature implementation, or required tool was unavailable."
17-349,Phase 17 — Migration,Measure NUMA locality impact,BLOCKED,BLOCKED_MISSING_TOOL,17-349,../real-machine-20260821-094227-kali-2qqYxp/workloads/20260821-095235-migrate_observe_3_retry.stdout,LOW,"Not executed: safe ownership-validating infrastructure, exact feature implementation, or required tool was unavailable."
18-350,Phase 18 — Failure & Recovery,Signal producer failure,BLOCKED,BLOCKED_NOT_IMPLEMENTED,18-350,../real-machine-20260821-094227-kali-2qqYxp/recovery/20260821-100033-post_unload_snapshot3.stdout; ../real-machine-20260821-094227-kali-2qqYxp/failures/20260821-095736-invalid_cpu_publish.stderr,MEDIUM,The checked-out kernel prototype does not implement this capability; userspace or simulation evidence was not promoted.
18-351,Phase 18 — Failure & Recovery,Signal consumer failure,BLOCKED,BLOCKED_NOT_IMPLEMENTED,18-351,../real-machine-20260821-094227-kali-2qqYxp/recovery/20260821-100033-post_unload_snapshot3.stdout; ../real-machine-20260821-094227-kali-2qqYxp/failures/20260821-095736-invalid_cpu_publish.stderr,MEDIUM,The checked-out kernel prototype does not implement this capability; userspace or simulation evidence was not promoted.
18-352,Phase 18 — Failure & Recovery,Signal corruption,BLOCKED,BLOCKED_NOT_IMPLEMENTED,18-352,../real-machine-20260821-094227-kali-2qqYxp/recovery/20260821-100033-post_unload_snapshot3.stdout; ../real-machine-20260821-094227-kali-2qqYxp/failures/20260821-095736-invalid_cpu_publish.stderr,MEDIUM,The checked-out kernel prototype does not implement this capability; userspace or simulation evidence was not promoted.
18-353,Phase 18 — Failure & Recovery,Signal delay,BLOCKED,BLOCKED_NOT_IMPLEMENTED,18-353,../real-machine-20260821-094227-kali-2qqYxp/recovery/20260821-100033-post_unload_snapshot3.stdout; ../real-machine-20260821-094227-kali-2qqYxp/failures/20260821-095736-invalid_cpu_publish.stderr,MEDIUM,The checked-out kernel prototype does not implement this capability; userspace or simulation evidence was not promoted.
18-354,Phase 18 — Failure & Recovery,Signal loss,BLOCKED,BLOCKED_NOT_IMPLEMENTED,18-354,../real-machine-20260821-094227-kali-2qqYxp/recovery/20260821-100033-post_unload_snapshot3.stdout; ../real-machine-20260821-094227-kali-2qqYxp/failures/20260821-095736-invalid_cpu_publish.stderr,MEDIUM,The checked-out kernel prototype does not implement this capability; userspace or simulation evidence was not promoted.
18-355,Phase 18 — Failure & Recovery,Signal recovery,BLOCKED,BLOCKED_NOT_IMPLEMENTED,18-355,../real-machine-20260821-094227-kali-2qqYxp/recovery/20260821-100033-post_unload_snapshot3.stdout; ../real-machine-20260821-094227-kali-2qqYxp/failures/20260821-095736-invalid_cpu_publish.stderr,MEDIUM,The checked-out kernel prototype does not implement this capability; userspace or simulation evidence was not promoted.
18-356,Phase 18 — Failure & Recovery,Predictor unavailable,BLOCKED,BLOCKED_NOT_IMPLEMENTED,18-356,../real-machine-20260821-094227-kali-2qqYxp/recovery/20260821-100033-post_unload_snapshot3.stdout; ../real-machine-20260821-094227-kali-2qqYxp/failures/20260821-095736-invalid_cpu_publish.stderr,MEDIUM,The checked-out kernel prototype does not implement this capability; userspace or simulation evidence was not promoted.
18-357,Phase 18 — Failure & Recovery,Predictor invalid output,BLOCKED,BLOCKED_NOT_IMPLEMENTED,18-357,../real-machine-20260821-094227-kali-2qqYxp/recovery/20260821-100033-post_unload_snapshot3.stdout; ../real-machine-20260821-094227-kali-2qqYxp/failures/20260821-095736-invalid_cpu_publish.stderr,MEDIUM,The checked-out kernel prototype does not implement this capability; userspace or simulation evidence was not promoted.
18-358,Phase 18 — Failure & Recovery,Predictor timeout,BLOCKED,BLOCKED_NOT_IMPLEMENTED,18-358,../real-machine-20260821-094227-kali-2qqYxp/recovery/20260821-100033-post_unload_snapshot3.stdout; ../real-machine-20260821-094227-kali-2qqYxp/failures/20260821-095736-invalid_cpu_publish.stderr,MEDIUM,The checked-out kernel prototype does not implement this capability; userspace or simulation evidence was not promoted.
18-359,Phase 18 — Failure & Recovery,Prediction-confidence collapse,BLOCKED,BLOCKED_MISSING_TOOL,18-359,../real-machine-20260821-094227-kali-2qqYxp/recovery/20260821-100033-post_unload_snapshot3.stdout; ../real-machine-20260821-094227-kali-2qqYxp/failures/20260821-095736-invalid_cpu_publish.stderr,LOW,"Not executed: safe ownership-validating infrastructure, exact feature implementation, or required tool was unavailable."
18-360,Phase 18 — Failure & Recovery,Fallback to observed state,BLOCKED,BLOCKED_MISSING_TOOL,18-360,../real-machine-20260821-094227-kali-2qqYxp/recovery/20260821-100033-post_unload_snapshot3.stdout; ../real-machine-20260821-094227-kali-2qqYxp/failures/20260821-095736-invalid_cpu_publish.stderr,LOW,"Not executed: safe ownership-validating infrastructure, exact feature implementation, or required tool was unavailable."
18-361,Phase 18 — Failure & Recovery,Predictor recovery,BLOCKED,BLOCKED_NOT_IMPLEMENTED,18-361,../real-machine-20260821-094227-kali-2qqYxp/recovery/20260821-100033-post_unload_snapshot3.stdout; ../real-machine-20260821-094227-kali-2qqYxp/failures/20260821-095736-invalid_cpu_publish.stderr,MEDIUM,The checked-out kernel prototype does not implement this capability; userspace or simulation evidence was not promoted.
18-362,Phase 18 — Failure & Recovery,Policy unavailable,BLOCKED,BLOCKED_NOT_IMPLEMENTED,18-362,../real-machine-20260821-094227-kali-2qqYxp/recovery/20260821-100033-post_unload_snapshot3.stdout; ../real-machine-20260821-094227-kali-2qqYxp/failures/20260821-095736-invalid_cpu_publish.stderr,MEDIUM,The checked-out kernel prototype does not implement this capability; userspace or simulation evidence was not promoted.
18-363,Phase 18 — Failure & Recovery,Invalid policy,BLOCKED,BLOCKED_NOT_IMPLEMENTED,18-363,../real-machine-20260821-094227-kali-2qqYxp/recovery/20260821-100033-post_unload_snapshot3.stdout; ../real-machine-20260821-094227-kali-2qqYxp/failures/20260821-095736-invalid_cpu_publish.stderr,MEDIUM,The checked-out kernel prototype does not implement this capability; userspace or simulation evidence was not promoted.
18-364,Phase 18 — Failure & Recovery,Policy reset,BLOCKED,BLOCKED_NOT_IMPLEMENTED,18-364,../real-machine-20260821-094227-kali-2qqYxp/recovery/20260821-100033-post_unload_snapshot3.stdout; ../real-machine-20260821-094227-kali-2qqYxp/failures/20260821-095736-invalid_cpu_publish.stderr,MEDIUM,The checked-out kernel prototype does not implement this capability; userspace or simulation evidence was not promoted.
18-365,Phase 18 — Failure & Recovery,Policy suspension,BLOCKED,BLOCKED_NOT_IMPLEMENTED,18-365,../real-machine-20260821-094227-kali-2qqYxp/recovery/20260821-100033-post_unload_snapshot3.stdout; ../real-machine-20260821-094227-kali-2qqYxp/failures/20260821-095736-invalid_cpu_publish.stderr,MEDIUM,The checked-out kernel prototype does not implement this capability; userspace or simulation evidence was not promoted.
18-366,Phase 18 — Failure & Recovery,Fallback scheduling,PASS,PASS,18-366,../real-machine-20260821-094227-kali-2qqYxp/recovery/20260821-100033-post_unload_snapshot3.stdout; ../real-machine-20260821-094227-kali-2qqYxp/failures/20260821-095736-invalid_cpu_publish.stderr,INFORMATIONAL,Covered by this campaign at the stated evidence scope.
18-367,Phase 18 — Failure & Recovery,Controller disabled,BLOCKED,BLOCKED_NOT_IMPLEMENTED,18-367,../real-machine-20260821-094227-kali-2qqYxp/recovery/20260821-100033-post_unload_snapshot3.stdout; ../real-machine-20260821-094227-kali-2qqYxp/failures/20260821-095736-invalid_cpu_publish.stderr,MEDIUM,The checked-out kernel prototype does not implement this capability; userspace or simulation evidence was not promoted.
18-368,Phase 18 — Failure & Recovery,Controller saturation,BLOCKED,BLOCKED_NOT_IMPLEMENTED,18-368,../real-machine-20260821-094227-kali-2qqYxp/recovery/20260821-100033-post_unload_snapshot3.stdout; ../real-machine-20260821-094227-kali-2qqYxp/failures/20260821-095736-invalid_cpu_publish.stderr,MEDIUM,The checked-out kernel prototype does not implement this capability; userspace or simulation evidence was not promoted.
18-369,Phase 18 — Failure & Recovery,Invalid parameter update,BLOCKED,BLOCKED_MISSING_TOOL,18-369,../real-machine-20260821-094227-kali-2qqYxp/recovery/20260821-100033-post_unload_snapshot3.stdout; ../real-machine-20260821-094227-kali-2qqYxp/failures/20260821-095736-invalid_cpu_publish.stderr,LOW,"Not executed: safe ownership-validating infrastructure, exact feature implementation, or required tool was unavailable."
18-370,Phase 18 — Failure & Recovery,Parameter oscillation,BLOCKED,BLOCKED_MISSING_TOOL,18-370,../real-machine-20260821-094227-kali-2qqYxp/recovery/20260821-100033-post_unload_snapshot3.stdout; ../real-machine-20260821-094227-kali-2qqYxp/failures/20260821-095736-invalid_cpu_publish.stderr,LOW,"Not executed: safe ownership-validating infrastructure, exact feature implementation, or required tool was unavailable."
18-371,Phase 18 — Failure & Recovery,Controller restart,BLOCKED,BLOCKED_NOT_IMPLEMENTED,18-371,../real-machine-20260821-094227-kali-2qqYxp/recovery/20260821-100033-post_unload_snapshot3.stdout; ../real-machine-20260821-094227-kali-2qqYxp/failures/20260821-095736-invalid_cpu_publish.stderr,MEDIUM,The checked-out kernel prototype does not implement this capability; userspace or simulation evidence was not promoted.
18-372,Phase 18 — Failure & Recovery,Controller recovery,BLOCKED,BLOCKED_NOT_IMPLEMENTED,18-372,../real-machine-20260821-094227-kali-2qqYxp/recovery/20260821-100033-post_unload_snapshot3.stdout; ../real-machine-20260821-094227-kali-2qqYxp/failures/20260821-095736-invalid_cpu_publish.stderr,MEDIUM,The checked-out kernel prototype does not implement this capability; userspace or simulation evidence was not promoted.
18-373,Phase 18 — Failure & Recovery,CPU offline/online where supported,BLOCKED,BLOCKED_MISSING_TOOL,18-373,../real-machine-20260821-094227-kali-2qqYxp/recovery/20260821-100033-post_unload_snapshot3.stdout; ../real-machine-20260821-094227-kali-2qqYxp/failures/20260821-095736-invalid_cpu_publish.stderr,LOW,"Not executed: safe ownership-validating infrastructure, exact feature implementation, or required tool was unavailable."
18-374,Phase 18 — Failure & Recovery,Process termination during scheduling,PASS,PASS,18-374,../real-machine-20260821-094227-kali-2qqYxp/recovery/20260821-100033-post_unload_snapshot3.stdout; ../real-machine-20260821-094227-kali-2qqYxp/failures/20260821-095736-invalid_cpu_publish.stderr,INFORMATIONAL,Covered by this campaign at the stated evidence scope.
18-375,Phase 18 — Failure & Recovery,Process creation during load,PASS,PASS,18-375,../real-machine-20260821-094227-kali-2qqYxp/recovery/20260821-100033-post_unload_snapshot3.stdout; ../real-machine-20260821-094227-kali-2qqYxp/failures/20260821-095736-invalid_cpu_publish.stderr,INFORMATIONAL,Covered by this campaign at the stated evidence scope.
18-376,Phase 18 — Failure & Recovery,CPU hotplug where supported,BLOCKED,BLOCKED_MISSING_TOOL,18-376,../real-machine-20260821-094227-kali-2qqYxp/recovery/20260821-100033-post_unload_snapshot3.stdout; ../real-machine-20260821-094227-kali-2qqYxp/failures/20260821-095736-invalid_cpu_publish.stderr,LOW,"Not executed: safe ownership-validating infrastructure, exact feature implementation, or required tool was unavailable."
18-377,Phase 18 — Failure & Recovery,Memory pressure,BLOCKED,BLOCKED_MISSING_TOOL,18-377,../real-machine-20260821-094227-kali-2qqYxp/recovery/20260821-100033-post_unload_snapshot3.stdout; ../real-machine-20260821-094227-kali-2qqYxp/failures/20260821-095736-invalid_cpu_publish.stderr,LOW,"Not executed: safe ownership-validating infrastructure, exact feature implementation, or required tool was unavailable."
18-378,Phase 18 — Failure & Recovery,Safe scheduler recovery,PASS,PASS,18-378,../real-machine-20260821-094227-kali-2qqYxp/recovery/20260821-100033-post_unload_snapshot3.stdout; ../real-machine-20260821-094227-kali-2qqYxp/failures/20260821-095736-invalid_cpu_publish.stderr,INFORMATIONAL,Covered by this campaign at the stated evidence scope.
19-379,Phase 19 — Security / Integrity,Tamper signal,BLOCKED,BLOCKED_NOT_IMPLEMENTED,19-379,../real-machine-20260821-094227-kali-2qqYxp/ORCHESTRA_Real_Machine_Validation_2026-08-21_100242.md; ../real-machine-20260821-094227-kali-2qqYxp/FINDINGS.md,MEDIUM,The checked-out kernel prototype does not implement this capability; userspace or simulation evidence was not promoted.
19-380,Phase 19 — Security / Integrity,Modify CPU value,BLOCKED,BLOCKED_NOT_IMPLEMENTED,19-380,../real-machine-20260821-094227-kali-2qqYxp/ORCHESTRA_Real_Machine_Validation_2026-08-21_100242.md; ../real-machine-20260821-094227-kali-2qqYxp/FINDINGS.md,MEDIUM,The checked-out kernel prototype does not implement this capability; userspace or simulation evidence was not promoted.
19-381,Phase 19 — Security / Integrity,Modify memory value,BLOCKED,BLOCKED_NOT_IMPLEMENTED,19-381,../real-machine-20260821-094227-kali-2qqYxp/ORCHESTRA_Real_Machine_Validation_2026-08-21_100242.md; ../real-machine-20260821-094227-kali-2qqYxp/FINDINGS.md,MEDIUM,The checked-out kernel prototype does not implement this capability; userspace or simulation evidence was not promoted.
19-382,Phase 19 — Security / Integrity,Modify thermal value,BLOCKED,BLOCKED_NOT_IMPLEMENTED,19-382,../real-machine-20260821-094227-kali-2qqYxp/ORCHESTRA_Real_Machine_Validation_2026-08-21_100242.md; ../real-machine-20260821-094227-kali-2qqYxp/FINDINGS.md,MEDIUM,The checked-out kernel prototype does not implement this capability; userspace or simulation evidence was not promoted.
19-383,Phase 19 — Security / Integrity,Modify prediction,BLOCKED,BLOCKED_NOT_IMPLEMENTED,19-383,../real-machine-20260821-094227-kali-2qqYxp/ORCHESTRA_Real_Machine_Validation_2026-08-21_100242.md; ../real-machine-20260821-094227-kali-2qqYxp/FINDINGS.md,MEDIUM,The checked-out kernel prototype does not implement this capability; userspace or simulation evidence was not promoted.
19-384,Phase 19 — Security / Integrity,Modify directive,BLOCKED,BLOCKED_NOT_IMPLEMENTED,19-384,../real-machine-20260821-094227-kali-2qqYxp/ORCHESTRA_Real_Machine_Validation_2026-08-21_100242.md; ../real-machine-20260821-094227-kali-2qqYxp/FINDINGS.md,MEDIUM,The checked-out kernel prototype does not implement this capability; userspace or simulation evidence was not promoted.
19-385,Phase 19 — Security / Integrity,Modify timestamp,BLOCKED,BLOCKED_NOT_IMPLEMENTED,19-385,../real-machine-20260821-094227-kali-2qqYxp/ORCHESTRA_Real_Machine_Validation_2026-08-21_100242.md; ../real-machine-20260821-094227-kali-2qqYxp/FINDINGS.md,MEDIUM,The checked-out kernel prototype does not implement this capability; userspace or simulation evidence was not promoted.
19-386,Phase 19 — Security / Integrity,Modify sequence number,BLOCKED,BLOCKED_NOT_IMPLEMENTED,19-386,../real-machine-20260821-094227-kali-2qqYxp/ORCHESTRA_Real_Machine_Validation_2026-08-21_100242.md; ../real-machine-20260821-094227-kali-2qqYxp/FINDINGS.md,MEDIUM,The checked-out kernel prototype does not implement this capability; userspace or simulation evidence was not promoted.
19-387,Phase 19 — Security / Integrity,Replay old signal,BLOCKED,BLOCKED_NOT_IMPLEMENTED,19-387,../real-machine-20260821-094227-kali-2qqYxp/ORCHESTRA_Real_Machine_Validation_2026-08-21_100242.md; ../real-machine-20260821-094227-kali-2qqYxp/FINDINGS.md,MEDIUM,The checked-out kernel prototype does not implement this capability; userspace or simulation evidence was not promoted.
19-388,Phase 19 — Security / Integrity,Duplicate signal,BLOCKED,BLOCKED_NOT_IMPLEMENTED,19-388,../real-machine-20260821-094227-kali-2qqYxp/ORCHESTRA_Real_Machine_Validation_2026-08-21_100242.md; ../real-machine-20260821-094227-kali-2qqYxp/FINDINGS.md,MEDIUM,The checked-out kernel prototype does not implement this capability; userspace or simulation evidence was not promoted.
19-389,Phase 19 — Security / Integrity,Out-of-order signal,BLOCKED,BLOCKED_NOT_IMPLEMENTED,19-389,../real-machine-20260821-094227-kali-2qqYxp/ORCHESTRA_Real_Machine_Validation_2026-08-21_100242.md; ../real-machine-20260821-094227-kali-2qqYxp/FINDINGS.md,MEDIUM,The checked-out kernel prototype does not implement this capability; userspace or simulation evidence was not promoted.
19-390,Phase 19 — Security / Integrity,Stale signal,BLOCKED,BLOCKED_NOT_IMPLEMENTED,19-390,../real-machine-20260821-094227-kali-2qqYxp/ORCHESTRA_Real_Machine_Validation_2026-08-21_100242.md; ../real-machine-20260821-094227-kali-2qqYxp/FINDINGS.md,MEDIUM,The checked-out kernel prototype does not implement this capability; userspace or simulation evidence was not promoted.
19-391,Phase 19 — Security / Integrity,Invalid authentication,BLOCKED,BLOCKED_NOT_IMPLEMENTED,19-391,../real-machine-20260821-094227-kali-2qqYxp/ORCHESTRA_Real_Machine_Validation_2026-08-21_100242.md; ../real-machine-20260821-094227-kali-2qqYxp/FINDINGS.md,MEDIUM,The checked-out kernel prototype does not implement this capability; userspace or simulation evidence was not promoted.
19-392,Phase 19 — Security / Integrity,"For each invalid frame verify detection, rejection, no scheduler corruption, safe fallback, diagnostic event and recovery",BLOCKED,BLOCKED_NOT_IMPLEMENTED,19-392,../real-machine-20260821-094227-kali-2qqYxp/ORCHESTRA_Real_Machine_Validation_2026-08-21_100242.md; ../real-machine-20260821-094227-kali-2qqYxp/FINDINGS.md,MEDIUM,The checked-out kernel prototype does not implement this capability; userspace or simulation evidence was not promoted.
20-393,Phase 20 — Multi-Core,Run core-1 test,BLOCKED,BLOCKED_MISSING_TOOL,20-393,../real-machine-20260821-094227-kali-2qqYxp/ORCHESTRA_Real_Machine_Validation_2026-08-21_100242.md; ../real-machine-20260821-094227-kali-2qqYxp/FINDINGS.md,LOW,"Not executed: safe ownership-validating infrastructure, exact feature implementation, or required tool was unavailable."
20-394,Phase 20 — Multi-Core,Run core-2 test,BLOCKED,BLOCKED_MISSING_TOOL,20-394,../real-machine-20260821-094227-kali-2qqYxp/ORCHESTRA_Real_Machine_Validation_2026-08-21_100242.md; ../real-machine-20260821-094227-kali-2qqYxp/FINDINGS.md,LOW,"Not executed: safe ownership-validating infrastructure, exact feature implementation, or required tool was unavailable."
20-395,Phase 20 — Multi-Core,Run core-4 test,BLOCKED,BLOCKED_MISSING_TOOL,20-395,../real-machine-20260821-094227-kali-2qqYxp/ORCHESTRA_Real_Machine_Validation_2026-08-21_100242.md; ../real-machine-20260821-094227-kali-2qqYxp/FINDINGS.md,LOW,"Not executed: safe ownership-validating infrastructure, exact feature implementation, or required tool was unavailable."
20-396,Phase 20 — Multi-Core,Run core-8 test,BLOCKED,BLOCKED_MISSING_TOOL,20-396,../real-machine-20260821-094227-kali-2qqYxp/ORCHESTRA_Real_Machine_Validation_2026-08-21_100242.md; ../real-machine-20260821-094227-kali-2qqYxp/FINDINGS.md,LOW,"Not executed: safe ownership-validating infrastructure, exact feature implementation, or required tool was unavailable."
20-397,Phase 20 — Multi-Core,Run core-16+ test if available,BLOCKED,BLOCKED_MISSING_TOOL,20-397,../real-machine-20260821-094227-kali-2qqYxp/ORCHESTRA_Real_Machine_Validation_2026-08-21_100242.md; ../real-machine-20260821-094227-kali-2qqYxp/FINDINGS.md,LOW,"Not executed: safe ownership-validating infrastructure, exact feature implementation, or required tool was unavailable."
20-398,Phase 20 — Multi-Core,"For each configuration measure scheduling latency, Q, CPU utilization, migration rate, signal propagation latency, synchronization overhead, memory overhead and cache effects",BLOCKED,BLOCKED_MISSING_TOOL,20-398,../real-machine-20260821-094227-kali-2qqYxp/ORCHESTRA_Real_Machine_Validation_2026-08-21_100242.md; ../real-machine-20260821-094227-kali-2qqYxp/FINDINGS.md,LOW,"Not executed: safe ownership-validating infrastructure, exact feature implementation, or required tool was unavailable."
21-399,Phase 21 — NUMA,Detect NUMA topology,PASS,PASS,21-399,../real-machine-20260821-094227-kali-2qqYxp/ORCHESTRA_Real_Machine_Validation_2026-08-21_100242.md; ../real-machine-20260821-094227-kali-2qqYxp/FINDINGS.md,INFORMATIONAL,Covered by this campaign at the stated evidence scope.
21-400,Phase 21 — NUMA,Verify node-local signals,BLOCKED,BLOCKED_MISSING_TOOL,21-400,../real-machine-20260821-094227-kali-2qqYxp/ORCHESTRA_Real_Machine_Validation_2026-08-21_100242.md; ../real-machine-20260821-094227-kali-2qqYxp/FINDINGS.md,LOW,"Not executed: safe ownership-validating infrastructure, exact feature implementation, or required tool was unavailable."
21-401,Phase 21 — NUMA,Verify system-level signals,BLOCKED,BLOCKED_MISSING_TOOL,21-401,../real-machine-20260821-094227-kali-2qqYxp/ORCHESTRA_Real_Machine_Validation_2026-08-21_100242.md; ../real-machine-20260821-094227-kali-2qqYxp/FINDINGS.md,LOW,"Not executed: safe ownership-validating infrastructure, exact feature implementation, or required tool was unavailable."
21-402,Phase 21 — NUMA,Run local-memory workload,BLOCKED,BLOCKED_MISSING_TOOL,21-402,../real-machine-20260821-094227-kali-2qqYxp/ORCHESTRA_Real_Machine_Validation_2026-08-21_100242.md; ../real-machine-20260821-094227-kali-2qqYxp/FINDINGS.md,LOW,"Not executed: safe ownership-validating infrastructure, exact feature implementation, or required tool was unavailable."
21-403,Phase 21 — NUMA,Run remote-memory workload,BLOCKED,BLOCKED_MISSING_TOOL,21-403,../real-machine-20260821-094227-kali-2qqYxp/ORCHESTRA_Real_Machine_Validation_2026-08-21_100242.md; ../real-machine-20260821-094227-kali-2qqYxp/FINDINGS.md,LOW,"Not executed: safe ownership-validating infrastructure, exact feature implementation, or required tool was unavailable."
21-404,Phase 21 — NUMA,Cross-node migration,BLOCKED,BLOCKED_MISSING_TOOL,21-404,../real-machine-20260821-094227-kali-2qqYxp/ORCHESTRA_Real_Machine_Validation_2026-08-21_100242.md; ../real-machine-20260821-094227-kali-2qqYxp/FINDINGS.md,LOW,"Not executed: safe ownership-validating infrastructure, exact feature implementation, or required tool was unavailable."
21-405,Phase 21 — NUMA,Memory-locality-aware scheduling,BLOCKED,BLOCKED_NOT_IMPLEMENTED,21-405,../real-machine-20260821-094227-kali-2qqYxp/ORCHESTRA_Real_Machine_Validation_2026-08-21_100242.md; ../real-machine-20260821-094227-kali-2qqYxp/FINDINGS.md,MEDIUM,The checked-out kernel prototype does not implement this capability; userspace or simulation evidence was not promoted.
21-406,Phase 21 — NUMA,Measure remote-memory access,BLOCKED,BLOCKED_MISSING_TOOL,21-406,../real-machine-20260821-094227-kali-2qqYxp/ORCHESTRA_Real_Machine_Validation_2026-08-21_100242.md; ../real-machine-20260821-094227-kali-2qqYxp/FINDINGS.md,LOW,"Not executed: safe ownership-validating infrastructure, exact feature implementation, or required tool was unavailable."
21-407,Phase 21 — NUMA,Measure NUMA migration overhead,BLOCKED,BLOCKED_MISSING_TOOL,21-407,../real-machine-20260821-094227-kali-2qqYxp/ORCHESTRA_Real_Machine_Validation_2026-08-21_100242.md; ../real-machine-20260821-094227-kali-2qqYxp/FINDINGS.md,LOW,"Not executed: safe ownership-validating infrastructure, exact feature implementation, or required tool was unavailable."
21-408,Phase 21 — NUMA,Measure coordination per NUMA domain,BLOCKED,BLOCKED_MISSING_TOOL,21-408,../real-machine-20260821-094227-kali-2qqYxp/ORCHESTRA_Real_Machine_Validation_2026-08-21_100242.md; ../real-machine-20260821-094227-kali-2qqYxp/FINDINGS.md,LOW,"Not executed: safe ownership-validating infrastructure, exact feature implementation, or required tool was unavailable."
21-409,Phase 21 — NUMA,Measure global coordination,BLOCKED,BLOCKED_MISSING_TOOL,21-409,../real-machine-20260821-094227-kali-2qqYxp/ORCHESTRA_Real_Machine_Validation_2026-08-21_100242.md; ../real-machine-20260821-094227-kali-2qqYxp/FINDINGS.md,LOW,"Not executed: safe ownership-validating infrastructure, exact feature implementation, or required tool was unavailable."
22-410,Phase 22 — Scalability,Increase task count,BLOCKED,BLOCKED_MISSING_TOOL,22-410,../real-machine-20260821-094227-kali-2qqYxp/ORCHESTRA_Real_Machine_Validation_2026-08-21_100242.md; ../real-machine-20260821-094227-kali-2qqYxp/FINDINGS.md,LOW,"Not executed: safe ownership-validating infrastructure, exact feature implementation, or required tool was unavailable."
22-411,Phase 22 — Scalability,Increase CPU count,BLOCKED,BLOCKED_MISSING_TOOL,22-411,../real-machine-20260821-094227-kali-2qqYxp/ORCHESTRA_Real_Machine_Validation_2026-08-21_100242.md; ../real-machine-20260821-094227-kali-2qqYxp/FINDINGS.md,LOW,"Not executed: safe ownership-validating infrastructure, exact feature implementation, or required tool was unavailable."
22-412,Phase 22 — Scalability,Increase scheduling-domain size,BLOCKED,BLOCKED_MISSING_TOOL,22-412,../real-machine-20260821-094227-kali-2qqYxp/ORCHESTRA_Real_Machine_Validation_2026-08-21_100242.md; ../real-machine-20260821-094227-kali-2qqYxp/FINDINGS.md,LOW,"Not executed: safe ownership-validating infrastructure, exact feature implementation, or required tool was unavailable."
22-413,Phase 22 — Scalability,Increase NUMA-node count if available,BLOCKED,BLOCKED_MISSING_TOOL,22-413,../real-machine-20260821-094227-kali-2qqYxp/ORCHESTRA_Real_Machine_Validation_2026-08-21_100242.md; ../real-machine-20260821-094227-kali-2qqYxp/FINDINGS.md,LOW,"Not executed: safe ownership-validating infrastructure, exact feature implementation, or required tool was unavailable."
22-414,Phase 22 — Scalability,Measure scheduling latency,BLOCKED,BLOCKED_MISSING_TOOL,22-414,../real-machine-20260821-094227-kali-2qqYxp/ORCHESTRA_Real_Machine_Validation_2026-08-21_100242.md; ../real-machine-20260821-094227-kali-2qqYxp/FINDINGS.md,LOW,"Not executed: safe ownership-validating infrastructure, exact feature implementation, or required tool was unavailable."
22-415,Phase 22 — Scalability,Signal latency,BLOCKED,BLOCKED_MISSING_TOOL,22-415,../real-machine-20260821-094227-kali-2qqYxp/ORCHESTRA_Real_Machine_Validation_2026-08-21_100242.md; ../real-machine-20260821-094227-kali-2qqYxp/FINDINGS.md,LOW,"Not executed: safe ownership-validating infrastructure, exact feature implementation, or required tool was unavailable."
22-416,Phase 22 — Scalability,Signal Bus overhead,BLOCKED,BLOCKED_MISSING_TOOL,22-416,../real-machine-20260821-094227-kali-2qqYxp/ORCHESTRA_Real_Machine_Validation_2026-08-21_100242.md; ../real-machine-20260821-094227-kali-2qqYxp/FINDINGS.md,LOW,"Not executed: safe ownership-validating infrastructure, exact feature implementation, or required tool was unavailable."
22-417,Phase 22 — Scalability,Coordination cost,BLOCKED,BLOCKED_MISSING_TOOL,22-417,../real-machine-20260821-094227-kali-2qqYxp/ORCHESTRA_Real_Machine_Validation_2026-08-21_100242.md; ../real-machine-20260821-094227-kali-2qqYxp/FINDINGS.md,LOW,"Not executed: safe ownership-validating infrastructure, exact feature implementation, or required tool was unavailable."
22-418,Phase 22 — Scalability,Controller cost,BLOCKED,BLOCKED_MISSING_TOOL,22-418,../real-machine-20260821-094227-kali-2qqYxp/ORCHESTRA_Real_Machine_Validation_2026-08-21_100242.md; ../real-machine-20260821-094227-kali-2qqYxp/FINDINGS.md,LOW,"Not executed: safe ownership-validating infrastructure, exact feature implementation, or required tool was unavailable."
22-419,Phase 22 — Scalability,Memory footprint,BLOCKED,BLOCKED_MISSING_TOOL,22-419,../real-machine-20260821-094227-kali-2qqYxp/ORCHESTRA_Real_Machine_Validation_2026-08-21_100242.md; ../real-machine-20260821-094227-kali-2qqYxp/FINDINGS.md,LOW,"Not executed: safe ownership-validating infrastructure, exact feature implementation, or required tool was unavailable."
22-420,Phase 22 — Scalability,CPU overhead,BLOCKED,BLOCKED_MISSING_TOOL,22-420,../real-machine-20260821-094227-kali-2qqYxp/ORCHESTRA_Real_Machine_Validation_2026-08-21_100242.md; ../real-machine-20260821-094227-kali-2qqYxp/FINDINGS.md,LOW,"Not executed: safe ownership-validating infrastructure, exact feature implementation, or required tool was unavailable."
22-421,Phase 22 — Scalability,Migration overhead,BLOCKED,BLOCKED_MISSING_TOOL,22-421,../real-machine-20260821-094227-kali-2qqYxp/ORCHESTRA_Real_Machine_Validation_2026-08-21_100242.md; ../real-machine-20260821-094227-kali-2qqYxp/FINDINGS.md,LOW,"Not executed: safe ownership-validating infrastructure, exact feature implementation, or required tool was unavailable."
22-422,Phase 22 — Scalability,Q,BLOCKED,BLOCKED_MISSING_TOOL,22-422,../real-machine-20260821-094227-kali-2qqYxp/ORCHESTRA_Real_Machine_Validation_2026-08-21_100242.md; ../real-machine-20260821-094227-kali-2qqYxp/FINDINGS.md,LOW,"Not executed: safe ownership-validating infrastructure, exact feature implementation, or required tool was unavailable."
22-423,Phase 22 — Scalability,throughput,BLOCKED,BLOCKED_MISSING_TOOL,22-423,../real-machine-20260821-094227-kali-2qqYxp/ORCHESTRA_Real_Machine_Validation_2026-08-21_100242.md; ../real-machine-20260821-094227-kali-2qqYxp/FINDINGS.md,LOW,"Not executed: safe ownership-validating infrastructure, exact feature implementation, or required tool was unavailable."
22-424,Phase 22 — Scalability,scalability limit,BLOCKED,BLOCKED_MISSING_TOOL,22-424,../real-machine-20260821-094227-kali-2qqYxp/ORCHESTRA_Real_Machine_Validation_2026-08-21_100242.md; ../real-machine-20260821-094227-kali-2qqYxp/FINDINGS.md,LOW,"Not executed: safe ownership-validating infrastructure, exact feature implementation, or required tool was unavailable."
23-425,Phase 23 — Baseline & Ablation,Linux scheduler baseline,PASS,PASS,23-425,../real-machine-20260821-094227-kali-2qqYxp/baseline/20260821-094943-baseline_fixed_work_retry2.stdout; ../real-machine-20260821-094227-kali-2qqYxp/baseline/20260821-095844-baseline_summary_retry.stdout,INFORMATIONAL,Covered by this campaign at the stated evidence scope.
23-426,Phase 23 — Baseline & Ablation,ORCHESTRA infrastructure with adaptive behavior disabled if available,BLOCKED,BLOCKED_MISSING_TOOL,23-426,../real-machine-20260821-094227-kali-2qqYxp/baseline/20260821-094943-baseline_fixed_work_retry2.stdout; ../real-machine-20260821-094227-kali-2qqYxp/baseline/20260821-095844-baseline_summary_retry.stdout,LOW,"Not executed: safe ownership-validating infrastructure, exact feature implementation, or required tool was unavailable."
23-427,Phase 23 — Baseline & Ablation,Full ORCHESTRA,INCONCLUSIVE,INCONCLUSIVE_INSUFFICIENT_EVIDENCE,23-427,../real-machine-20260821-094227-kali-2qqYxp/baseline/20260821-094943-baseline_fixed_work_retry2.stdout; ../real-machine-20260821-094227-kali-2qqYxp/baseline/20260821-095844-baseline_summary_retry.stdout,MEDIUM,"Partial evidence exists, but the exact checklist claim was not fully demonstrated."
23-428,Phase 23 — Baseline & Ablation,Ablation: prediction OFF,BLOCKED,BLOCKED_MISSING_TOOL,23-428,../real-machine-20260821-094227-kali-2qqYxp/baseline/20260821-094943-baseline_fixed_work_retry2.stdout; ../real-machine-20260821-094227-kali-2qqYxp/baseline/20260821-095844-baseline_summary_retry.stdout,LOW,"Not executed: safe ownership-validating infrastructure, exact feature implementation, or required tool was unavailable."
23-429,Phase 23 — Baseline & Ablation,Ablation: adaptation OFF,BLOCKED,BLOCKED_MISSING_TOOL,23-429,../real-machine-20260821-094227-kali-2qqYxp/baseline/20260821-094943-baseline_fixed_work_retry2.stdout; ../real-machine-20260821-094227-kali-2qqYxp/baseline/20260821-095844-baseline_summary_retry.stdout,LOW,"Not executed: safe ownership-validating infrastructure, exact feature implementation, or required tool was unavailable."
23-430,Phase 23 — Baseline & Ablation,Ablation: feedback controller OFF,BLOCKED,BLOCKED_MISSING_TOOL,23-430,../real-machine-20260821-094227-kali-2qqYxp/baseline/20260821-094943-baseline_fixed_work_retry2.stdout; ../real-machine-20260821-094227-kali-2qqYxp/baseline/20260821-095844-baseline_summary_retry.stdout,LOW,"Not executed: safe ownership-validating infrastructure, exact feature implementation, or required tool was unavailable."
23-431,Phase 23 — Baseline & Ablation,Ablation: anti-synchronization OFF,BLOCKED,BLOCKED_MISSING_TOOL,23-431,../real-machine-20260821-094227-kali-2qqYxp/baseline/20260821-094943-baseline_fixed_work_retry2.stdout; ../real-machine-20260821-094227-kali-2qqYxp/baseline/20260821-095844-baseline_summary_retry.stdout,LOW,"Not executed: safe ownership-validating infrastructure, exact feature implementation, or required tool was unavailable."
23-432,Phase 23 — Baseline & Ablation,Ablation: consensus mechanism OFF,BLOCKED,BLOCKED_MISSING_TOOL,23-432,../real-machine-20260821-094227-kali-2qqYxp/baseline/20260821-094943-baseline_fixed_work_retry2.stdout; ../real-machine-20260821-094227-kali-2qqYxp/baseline/20260821-095844-baseline_summary_retry.stdout,LOW,"Not executed: safe ownership-validating infrastructure, exact feature implementation, or required tool was unavailable."
23-433,Phase 23 — Baseline & Ablation,Ablation: monitoring OFF,BLOCKED,BLOCKED_MISSING_TOOL,23-433,../real-machine-20260821-094227-kali-2qqYxp/baseline/20260821-094943-baseline_fixed_work_retry2.stdout; ../real-machine-20260821-094227-kali-2qqYxp/baseline/20260821-095844-baseline_summary_retry.stdout,LOW,"Not executed: safe ownership-validating infrastructure, exact feature implementation, or required tool was unavailable."
23-434,Phase 23 — Baseline & Ablation,Use identical hardware/workload/duration/parameters across comparable runs,INCONCLUSIVE,INCONCLUSIVE_INSUFFICIENT_EVIDENCE,23-434,../real-machine-20260821-094227-kali-2qqYxp/baseline/20260821-094943-baseline_fixed_work_retry2.stdout; ../real-machine-20260821-094227-kali-2qqYxp/baseline/20260821-095844-baseline_summary_retry.stdout,MEDIUM,"Partial evidence exists, but the exact checklist claim was not fully demonstrated."
24-435,Phase 24 — Statistical Validation,Repeat each major experiment,PASS,PASS,24-435,../real-machine-20260821-094227-kali-2qqYxp/baseline/20260821-094943-baseline_fixed_work_retry2.stdout; ../real-machine-20260821-094227-kali-2qqYxp/baseline/20260821-095844-baseline_summary_retry.stdout,INFORMATIONAL,Covered by this campaign at the stated evidence scope.
24-436,Phase 24 — Statistical Validation,Use controlled random seeds where applicable,BLOCKED,BLOCKED_MISSING_TOOL,24-436,../real-machine-20260821-094227-kali-2qqYxp/baseline/20260821-094943-baseline_fixed_work_retry2.stdout; ../real-machine-20260821-094227-kali-2qqYxp/baseline/20260821-095844-baseline_summary_retry.stdout,LOW,"Not executed: safe ownership-validating infrastructure, exact feature implementation, or required tool was unavailable."
24-437,Phase 24 — Statistical Validation,Record every run,PASS,PASS,24-437,../real-machine-20260821-094227-kali-2qqYxp/baseline/20260821-094943-baseline_fixed_work_retry2.stdout; ../real-machine-20260821-094227-kali-2qqYxp/baseline/20260821-095844-baseline_summary_retry.stdout,INFORMATIONAL,Covered by this campaign at the stated evidence scope.
24-438,Phase 24 — Statistical Validation,Calculate mean,PASS,PASS,24-438,../real-machine-20260821-094227-kali-2qqYxp/baseline/20260821-094943-baseline_fixed_work_retry2.stdout; ../real-machine-20260821-094227-kali-2qqYxp/baseline/20260821-095844-baseline_summary_retry.stdout,INFORMATIONAL,Covered by this campaign at the stated evidence scope.
24-439,Phase 24 — Statistical Validation,Median,PASS,PASS,24-439,../real-machine-20260821-094227-kali-2qqYxp/baseline/20260821-094943-baseline_fixed_work_retry2.stdout; ../real-machine-20260821-094227-kali-2qqYxp/baseline/20260821-095844-baseline_summary_retry.stdout,INFORMATIONAL,Covered by this campaign at the stated evidence scope.
24-440,Phase 24 — Statistical Validation,Standard deviation,PASS,PASS,24-440,../real-machine-20260821-094227-kali-2qqYxp/baseline/20260821-094943-baseline_fixed_work_retry2.stdout; ../real-machine-20260821-094227-kali-2qqYxp/baseline/20260821-095844-baseline_summary_retry.stdout,INFORMATIONAL,Covered by this campaign at the stated evidence scope.
24-441,Phase 24 — Statistical Validation,Minimum,PASS,PASS,24-441,../real-machine-20260821-094227-kali-2qqYxp/baseline/20260821-094943-baseline_fixed_work_retry2.stdout; ../real-machine-20260821-094227-kali-2qqYxp/baseline/20260821-095844-baseline_summary_retry.stdout,INFORMATIONAL,Covered by this campaign at the stated evidence scope.
24-442,Phase 24 — Statistical Validation,Maximum,PASS,PASS,24-442,../real-machine-20260821-094227-kali-2qqYxp/baseline/20260821-094943-baseline_fixed_work_retry2.stdout; ../real-machine-20260821-094227-kali-2qqYxp/baseline/20260821-095844-baseline_summary_retry.stdout,INFORMATIONAL,Covered by this campaign at the stated evidence scope.
24-443,Phase 24 — Statistical Validation,Confidence interval where appropriate,BLOCKED,BLOCKED_MISSING_TOOL,24-443,../real-machine-20260821-094227-kali-2qqYxp/baseline/20260821-094943-baseline_fixed_work_retry2.stdout; ../real-machine-20260821-094227-kali-2qqYxp/baseline/20260821-095844-baseline_summary_retry.stdout,LOW,"Not executed: safe ownership-validating infrastructure, exact feature implementation, or required tool was unavailable."
24-444,Phase 24 — Statistical Validation,Analyze outliers,BLOCKED,BLOCKED_MISSING_TOOL,24-444,../real-machine-20260821-094227-kali-2qqYxp/baseline/20260821-094943-baseline_fixed_work_retry2.stdout; ../real-machine-20260821-094227-kali-2qqYxp/baseline/20260821-095844-baseline_summary_retry.stdout,LOW,"Not executed: safe ownership-validating infrastructure, exact feature implementation, or required tool was unavailable."
24-445,Phase 24 — Statistical Validation,Compare distributions,BLOCKED,BLOCKED_MISSING_TOOL,24-445,../real-machine-20260821-094227-kali-2qqYxp/baseline/20260821-094943-baseline_fixed_work_retry2.stdout; ../real-machine-20260821-094227-kali-2qqYxp/baseline/20260821-095844-baseline_summary_retry.stdout,LOW,"Not executed: safe ownership-validating infrastructure, exact feature implementation, or required tool was unavailable."
24-446,Phase 24 — Statistical Validation,Report effect size where appropriate,BLOCKED,BLOCKED_MISSING_TOOL,24-446,../real-machine-20260821-094227-kali-2qqYxp/baseline/20260821-094943-baseline_fixed_work_retry2.stdout; ../real-machine-20260821-094227-kali-2qqYxp/baseline/20260821-095844-baseline_summary_retry.stdout,LOW,"Not executed: safe ownership-validating infrastructure, exact feature implementation, or required tool was unavailable."
24-447,Phase 24 — Statistical Validation,Report workload variability,BLOCKED,BLOCKED_MISSING_TOOL,24-447,../real-machine-20260821-094227-kali-2qqYxp/baseline/20260821-094943-baseline_fixed_work_retry2.stdout; ../real-machine-20260821-094227-kali-2qqYxp/baseline/20260821-095844-baseline_summary_retry.stdout,LOW,"Not executed: safe ownership-validating infrastructure, exact feature implementation, or required tool was unavailable."
24-448,Phase 24 — Statistical Validation,Perform multi-seed validation,BLOCKED,BLOCKED_MISSING_TOOL,24-448,../real-machine-20260821-094227-kali-2qqYxp/baseline/20260821-094943-baseline_fixed_work_retry2.stdout; ../real-machine-20260821-094227-kali-2qqYxp/baseline/20260821-095844-baseline_summary_retry.stdout,LOW,"Not executed: safe ownership-validating infrastructure, exact feature implementation, or required tool was unavailable."
25-449,Phase 25 — Reproducibility,Archive hardware configuration,PASS,PASS,25-449,../real-machine-20260821-094227-kali-2qqYxp/COMMANDS.log; ../real-machine-20260821-094227-kali-2qqYxp/environment/20260821-095919-final_repo_state.stdout,INFORMATIONAL,Covered by this campaign at the stated evidence scope.
25-450,Phase 25 — Reproducibility,Archive kernel source/commit,PASS,PASS,25-450,../real-machine-20260821-094227-kali-2qqYxp/COMMANDS.log; ../real-machine-20260821-094227-kali-2qqYxp/environment/20260821-095919-final_repo_state.stdout,INFORMATIONAL,Covered by this campaign at the stated evidence scope.
25-451,Phase 25 — Reproducibility,Archive ORCHESTRA commit,PASS,PASS,25-451,../real-machine-20260821-094227-kali-2qqYxp/COMMANDS.log; ../real-machine-20260821-094227-kali-2qqYxp/environment/20260821-095919-final_repo_state.stdout,INFORMATIONAL,Covered by this campaign at the stated evidence scope.
25-452,Phase 25 — Reproducibility,Save kernel .config,INCONCLUSIVE,INCONCLUSIVE_INSUFFICIENT_EVIDENCE,25-452,../real-machine-20260821-094227-kali-2qqYxp/COMMANDS.log; ../real-machine-20260821-094227-kali-2qqYxp/environment/20260821-095919-final_repo_state.stdout,MEDIUM,"Partial evidence exists, but the exact checklist claim was not fully demonstrated."
25-453,Phase 25 — Reproducibility,Record compiler/toolchain,PASS,PASS,25-453,../real-machine-20260821-094227-kali-2qqYxp/COMMANDS.log; ../real-machine-20260821-094227-kali-2qqYxp/environment/20260821-095919-final_repo_state.stdout,INFORMATIONAL,Covered by this campaign at the stated evidence scope.
25-454,Phase 25 — Reproducibility,Archive workload source/version,BLOCKED,BLOCKED_MISSING_TOOL,25-454,../real-machine-20260821-094227-kali-2qqYxp/COMMANDS.log; ../real-machine-20260821-094227-kali-2qqYxp/environment/20260821-095919-final_repo_state.stdout,LOW,"Not executed: safe ownership-validating infrastructure, exact feature implementation, or required tool was unavailable."
25-455,Phase 25 — Reproducibility,Record benchmark version,INCONCLUSIVE,INCONCLUSIVE_INSUFFICIENT_EVIDENCE,25-455,../real-machine-20260821-094227-kali-2qqYxp/COMMANDS.log; ../real-machine-20260821-094227-kali-2qqYxp/environment/20260821-095919-final_repo_state.stdout,MEDIUM,"Partial evidence exists, but the exact checklist claim was not fully demonstrated."
25-456,Phase 25 — Reproducibility,Save parameters,INCONCLUSIVE,INCONCLUSIVE_INSUFFICIENT_EVIDENCE,25-456,../real-machine-20260821-094227-kali-2qqYxp/COMMANDS.log; ../real-machine-20260821-094227-kali-2qqYxp/environment/20260821-095919-final_repo_state.stdout,MEDIUM,"Partial evidence exists, but the exact checklist claim was not fully demonstrated."
25-457,Phase 25 — Reproducibility,Save random seeds,BLOCKED,BLOCKED_MISSING_TOOL,25-457,../real-machine-20260821-094227-kali-2qqYxp/COMMANDS.log; ../real-machine-20260821-094227-kali-2qqYxp/environment/20260821-095919-final_repo_state.stdout,LOW,"Not executed: safe ownership-validating infrastructure, exact feature implementation, or required tool was unavailable."
25-458,Phase 25 — Reproducibility,Save test scripts,PASS,PASS,25-458,../real-machine-20260821-094227-kali-2qqYxp/COMMANDS.log; ../real-machine-20260821-094227-kali-2qqYxp/environment/20260821-095919-final_repo_state.stdout,INFORMATIONAL,Covered by this campaign at the stated evidence scope.
25-459,Phase 25 — Reproducibility,Document trace format,INCONCLUSIVE,INCONCLUSIVE_INSUFFICIENT_EVIDENCE,25-459,../real-machine-20260821-094227-kali-2qqYxp/COMMANDS.log; ../real-machine-20260821-094227-kali-2qqYxp/environment/20260821-095919-final_repo_state.stdout,MEDIUM,"Partial evidence exists, but the exact checklist claim was not fully demonstrated."
25-460,Phase 25 — Reproducibility,Preserve raw measurements,PASS,PASS,25-460,../real-machine-20260821-094227-kali-2qqYxp/COMMANDS.log; ../real-machine-20260821-094227-kali-2qqYxp/environment/20260821-095919-final_repo_state.stdout,INFORMATIONAL,Covered by this campaign at the stated evidence scope.
25-461,Phase 25 — Reproducibility,Preserve analysis scripts,BLOCKED,BLOCKED_MISSING_TOOL,25-461,../real-machine-20260821-094227-kali-2qqYxp/COMMANDS.log; ../real-machine-20260821-094227-kali-2qqYxp/environment/20260821-095919-final_repo_state.stdout,LOW,"Not executed: safe ownership-validating infrastructure, exact feature implementation, or required tool was unavailable."
25-462,Phase 25 — Reproducibility,Ensure figures/tables are reproducible,BLOCKED,BLOCKED_MISSING_TOOL,25-462,../real-machine-20260821-094227-kali-2qqYxp/COMMANDS.log; ../real-machine-20260821-094227-kali-2qqYxp/environment/20260821-095919-final_repo_state.stdout,LOW,"Not executed: safe ownership-validating infrastructure, exact feature implementation, or required tool was unavailable."
25-463,Phase 25 — Reproducibility,Archive baseline and ORCHESTRA results,PASS,PASS,25-463,../real-machine-20260821-094227-kali-2qqYxp/COMMANDS.log; ../real-machine-20260821-094227-kali-2qqYxp/environment/20260821-095919-final_repo_state.stdout,INFORMATIONAL,Covered by this campaign at the stated evidence scope.
26-464,Phase 26 — Final Acceptance,Functional: kernel boots,PASS,PASS,26-464,../real-machine-20260821-094227-kali-2qqYxp/ORCHESTRA_Real_Machine_Validation_2026-08-21_100242.md; ../real-machine-20260821-094227-kali-2qqYxp/FINDINGS.md,INFORMATIONAL,Covered by this campaign at the stated evidence scope.
26-465,Phase 26 — Final Acceptance,Scheduler works,PASS,PASS,26-465,../real-machine-20260821-094227-kali-2qqYxp/ORCHESTRA_Real_Machine_Validation_2026-08-21_100242.md; ../real-machine-20260821-094227-kali-2qqYxp/FINDINGS.md,INFORMATIONAL,Covered by this campaign at the stated evidence scope.
26-466,Phase 26 — Final Acceptance,Signal Bus works,BLOCKED,BLOCKED_NOT_IMPLEMENTED,26-466,../real-machine-20260821-094227-kali-2qqYxp/ORCHESTRA_Real_Machine_Validation_2026-08-21_100242.md; ../real-machine-20260821-094227-kali-2qqYxp/FINDINGS.md,MEDIUM,The checked-out kernel prototype does not implement this capability; userspace or simulation evidence was not promoted.
26-467,Phase 26 — Final Acceptance,Predictor works,BLOCKED,BLOCKED_NOT_IMPLEMENTED,26-467,../real-machine-20260821-094227-kali-2qqYxp/ORCHESTRA_Real_Machine_Validation_2026-08-21_100242.md; ../real-machine-20260821-094227-kali-2qqYxp/FINDINGS.md,MEDIUM,The checked-out kernel prototype does not implement this capability; userspace or simulation evidence was not promoted.
26-468,Phase 26 — Final Acceptance,Adaptive scheduler works,PASS,PASS,26-468,../real-machine-20260821-094227-kali-2qqYxp/ORCHESTRA_Real_Machine_Validation_2026-08-21_100242.md; ../real-machine-20260821-094227-kali-2qqYxp/FINDINGS.md,INFORMATIONAL,Covered by this campaign at the stated evidence scope.
26-469,Phase 26 — Final Acceptance,Coordination measurement works,BLOCKED,BLOCKED_NOT_IMPLEMENTED,26-469,../real-machine-20260821-094227-kali-2qqYxp/ORCHESTRA_Real_Machine_Validation_2026-08-21_100242.md; ../real-machine-20260821-094227-kali-2qqYxp/FINDINGS.md,MEDIUM,The checked-out kernel prototype does not implement this capability; userspace or simulation evidence was not promoted.
26-470,Phase 26 — Final Acceptance,Feedback controller works,BLOCKED,BLOCKED_NOT_IMPLEMENTED,26-470,../real-machine-20260821-094227-kali-2qqYxp/ORCHESTRA_Real_Machine_Validation_2026-08-21_100242.md; ../real-machine-20260821-094227-kali-2qqYxp/FINDINGS.md,MEDIUM,The checked-out kernel prototype does not implement this capability; userspace or simulation evidence was not promoted.
26-471,Phase 26 — Final Acceptance,Monitoring works,INCONCLUSIVE,INCONCLUSIVE_INSUFFICIENT_EVIDENCE,26-471,../real-machine-20260821-094227-kali-2qqYxp/ORCHESTRA_Real_Machine_Validation_2026-08-21_100242.md; ../real-machine-20260821-094227-kali-2qqYxp/FINDINGS.md,MEDIUM,"Partial evidence exists, but the exact checklist claim was not fully demonstrated."
26-472,Phase 26 — Final Acceptance,Conventional Linux scheduling works,PASS,PASS,26-472,../real-machine-20260821-094227-kali-2qqYxp/ORCHESTRA_Real_Machine_Validation_2026-08-21_100242.md; ../real-machine-20260821-094227-kali-2qqYxp/FINDINGS.md,INFORMATIONAL,Covered by this campaign at the stated evidence scope.
26-473,Phase 26 — Final Acceptance,RT safety path works,BLOCKED,BLOCKED_NOT_IMPLEMENTED,26-473,../real-machine-20260821-094227-kali-2qqYxp/ORCHESTRA_Real_Machine_Validation_2026-08-21_100242.md; ../real-machine-20260821-094227-kali-2qqYxp/FINDINGS.md,MEDIUM,The checked-out kernel prototype does not implement this capability; userspace or simulation evidence was not promoted.
26-474,Phase 26 — Final Acceptance,Correctness: signals correct,BLOCKED,BLOCKED_NOT_IMPLEMENTED,26-474,../real-machine-20260821-094227-kali-2qqYxp/ORCHESTRA_Real_Machine_Validation_2026-08-21_100242.md; ../real-machine-20260821-094227-kali-2qqYxp/FINDINGS.md,MEDIUM,The checked-out kernel prototype does not implement this capability; userspace or simulation evidence was not promoted.
26-475,Phase 26 — Final Acceptance,Predictions measurable,BLOCKED,BLOCKED_NOT_IMPLEMENTED,26-475,../real-machine-20260821-094227-kali-2qqYxp/ORCHESTRA_Real_Machine_Validation_2026-08-21_100242.md; ../real-machine-20260821-094227-kali-2qqYxp/FINDINGS.md,MEDIUM,The checked-out kernel prototype does not implement this capability; userspace or simulation evidence was not promoted.
26-476,Phase 26 — Final Acceptance,Invalid signals rejected,BLOCKED,BLOCKED_NOT_IMPLEMENTED,26-476,../real-machine-20260821-094227-kali-2qqYxp/ORCHESTRA_Real_Machine_Validation_2026-08-21_100242.md; ../real-machine-20260821-094227-kali-2qqYxp/FINDINGS.md,MEDIUM,The checked-out kernel prototype does not implement this capability; userspace or simulation evidence was not promoted.
26-477,Phase 26 — Final Acceptance,Scheduling actions correct,INCONCLUSIVE,INCONCLUSIVE_INSUFFICIENT_EVIDENCE,26-477,../real-machine-20260821-094227-kali-2qqYxp/ORCHESTRA_Real_Machine_Validation_2026-08-21_100242.md; ../real-machine-20260821-094227-kali-2qqYxp/FINDINGS.md,MEDIUM,"Partial evidence exists, but the exact checklist claim was not fully demonstrated."
26-478,Phase 26 — Final Acceptance,Q calculated correctly,BLOCKED,BLOCKED_NOT_IMPLEMENTED,26-478,../real-machine-20260821-094227-kali-2qqYxp/ORCHESTRA_Real_Machine_Validation_2026-08-21_100242.md; ../real-machine-20260821-094227-kali-2qqYxp/FINDINGS.md,MEDIUM,The checked-out kernel prototype does not implement this capability; userspace or simulation evidence was not promoted.
26-479,Phase 26 — Final Acceptance,Controller targets correct deficit,BLOCKED,BLOCKED_NOT_IMPLEMENTED,26-479,../real-machine-20260821-094227-kali-2qqYxp/ORCHESTRA_Real_Machine_Validation_2026-08-21_100242.md; ../real-machine-20260821-094227-kali-2qqYxp/FINDINGS.md,MEDIUM,The checked-out kernel prototype does not implement this capability; userspace or simulation evidence was not promoted.
26-480,Phase 26 — Final Acceptance,No scheduler corruption,PASS,PASS,26-480,../real-machine-20260821-094227-kali-2qqYxp/ORCHESTRA_Real_Machine_Validation_2026-08-21_100242.md; ../real-machine-20260821-094227-kali-2qqYxp/FINDINGS.md,INFORMATIONAL,Covered by this campaign at the stated evidence scope.
26-481,Phase 26 — Final Acceptance,No deadlock,PASS,PASS,26-481,../real-machine-20260821-094227-kali-2qqYxp/ORCHESTRA_Real_Machine_Validation_2026-08-21_100242.md; ../real-machine-20260821-094227-kali-2qqYxp/FINDINGS.md,INFORMATIONAL,Covered by this campaign at the stated evidence scope.
26-482,Phase 26 — Final Acceptance,No starvation,INCONCLUSIVE,INCONCLUSIVE_INSUFFICIENT_EVIDENCE,26-482,../real-machine-20260821-094227-kali-2qqYxp/ORCHESTRA_Real_Machine_Validation_2026-08-21_100242.md; ../real-machine-20260821-094227-kali-2qqYxp/FINDINGS.md,MEDIUM,"Partial evidence exists, but the exact checklist claim was not fully demonstrated."
26-483,Phase 26 — Final Acceptance,Performance: scheduler overhead quantified,INCONCLUSIVE,INCONCLUSIVE_INSUFFICIENT_EVIDENCE,26-483,../real-machine-20260821-094227-kali-2qqYxp/ORCHESTRA_Real_Machine_Validation_2026-08-21_100242.md; ../real-machine-20260821-094227-kali-2qqYxp/FINDINGS.md,MEDIUM,"Partial evidence exists, but the exact checklist claim was not fully demonstrated."
26-484,Phase 26 — Final Acceptance,prediction overhead quantified,INCONCLUSIVE,INCONCLUSIVE_INSUFFICIENT_EVIDENCE,26-484,../real-machine-20260821-094227-kali-2qqYxp/ORCHESTRA_Real_Machine_Validation_2026-08-21_100242.md; ../real-machine-20260821-094227-kali-2qqYxp/FINDINGS.md,MEDIUM,"Partial evidence exists, but the exact checklist claim was not fully demonstrated."
26-485,Phase 26 — Final Acceptance,Signal overhead quantified,INCONCLUSIVE,INCONCLUSIVE_INSUFFICIENT_EVIDENCE,26-485,../real-machine-20260821-094227-kali-2qqYxp/ORCHESTRA_Real_Machine_Validation_2026-08-21_100242.md; ../real-machine-20260821-094227-kali-2qqYxp/FINDINGS.md,MEDIUM,"Partial evidence exists, but the exact checklist claim was not fully demonstrated."
26-486,Phase 26 — Final Acceptance,integrity overhead quantified,INCONCLUSIVE,INCONCLUSIVE_INSUFFICIENT_EVIDENCE,26-486,../real-machine-20260821-094227-kali-2qqYxp/ORCHESTRA_Real_Machine_Validation_2026-08-21_100242.md; ../real-machine-20260821-094227-kali-2qqYxp/FINDINGS.md,MEDIUM,"Partial evidence exists, but the exact checklist claim was not fully demonstrated."
26-487,Phase 26 — Final Acceptance,coordination overhead quantified,INCONCLUSIVE,INCONCLUSIVE_INSUFFICIENT_EVIDENCE,26-487,../real-machine-20260821-094227-kali-2qqYxp/ORCHESTRA_Real_Machine_Validation_2026-08-21_100242.md; ../real-machine-20260821-094227-kali-2qqYxp/FINDINGS.md,MEDIUM,"Partial evidence exists, but the exact checklist claim was not fully demonstrated."
26-488,Phase 26 — Final Acceptance,controller overhead quantified,INCONCLUSIVE,INCONCLUSIVE_INSUFFICIENT_EVIDENCE,26-488,../real-machine-20260821-094227-kali-2qqYxp/ORCHESTRA_Real_Machine_Validation_2026-08-21_100242.md; ../real-machine-20260821-094227-kali-2qqYxp/FINDINGS.md,MEDIUM,"Partial evidence exists, but the exact checklist claim was not fully demonstrated."
26-489,Phase 26 — Final Acceptance,monitoring overhead quantified,INCONCLUSIVE,INCONCLUSIVE_INSUFFICIENT_EVIDENCE,26-489,../real-machine-20260821-094227-kali-2qqYxp/ORCHESTRA_Real_Machine_Validation_2026-08-21_100242.md; ../real-machine-20260821-094227-kali-2qqYxp/FINDINGS.md,MEDIUM,"Partial evidence exists, but the exact checklist claim was not fully demonstrated."
26-490,Phase 26 — Final Acceptance,Behavioral: no thundering herd,BLOCKED,BLOCKED_NOT_IMPLEMENTED,26-490,../real-machine-20260821-094227-kali-2qqYxp/ORCHESTRA_Real_Machine_Validation_2026-08-21_100242.md; ../real-machine-20260821-094227-kali-2qqYxp/FINDINGS.md,MEDIUM,The checked-out kernel prototype does not implement this capability; userspace or simulation evidence was not promoted.
26-491,Phase 26 — Final Acceptance,no synchronized migration oscillation,BLOCKED,BLOCKED_NOT_IMPLEMENTED,26-491,../real-machine-20260821-094227-kali-2qqYxp/ORCHESTRA_Real_Machine_Validation_2026-08-21_100242.md; ../real-machine-20260821-094227-kali-2qqYxp/FINDINGS.md,MEDIUM,The checked-out kernel prototype does not implement this capability; userspace or simulation evidence was not promoted.
26-492,Phase 26 — Final Acceptance,stable adaptation,BLOCKED,BLOCKED_NOT_IMPLEMENTED,26-492,../real-machine-20260821-094227-kali-2qqYxp/ORCHESTRA_Real_Machine_Validation_2026-08-21_100242.md; ../real-machine-20260821-094227-kali-2qqYxp/FINDINGS.md,MEDIUM,The checked-out kernel prototype does not implement this capability; userspace or simulation evidence was not promoted.
26-493,Phase 26 — Final Acceptance,stable Q,BLOCKED,BLOCKED_NOT_IMPLEMENTED,26-493,../real-machine-20260821-094227-kali-2qqYxp/ORCHESTRA_Real_Machine_Validation_2026-08-21_100242.md; ../real-machine-20260821-094227-kali-2qqYxp/FINDINGS.md,MEDIUM,The checked-out kernel prototype does not implement this capability; userspace or simulation evidence was not promoted.
26-494,Phase 26 — Final Acceptance,good resource utilization,BLOCKED,BLOCKED_MISSING_TOOL,26-494,../real-machine-20260821-094227-kali-2qqYxp/ORCHESTRA_Real_Machine_Validation_2026-08-21_100242.md; ../real-machine-20260821-094227-kali-2qqYxp/FINDINGS.md,LOW,"Not executed: safe ownership-validating infrastructure, exact feature implementation, or required tool was unavailable."
26-495,Phase 26 — Final Acceptance,acceptable fairness,INCONCLUSIVE,INCONCLUSIVE_INSUFFICIENT_EVIDENCE,26-495,../real-machine-20260821-094227-kali-2qqYxp/ORCHESTRA_Real_Machine_Validation_2026-08-21_100242.md; ../real-machine-20260821-094227-kali-2qqYxp/FINDINGS.md,MEDIUM,"Partial evidence exists, but the exact checklist claim was not fully demonstrated."
26-496,Phase 26 — Final Acceptance,acceptable responsiveness,INCONCLUSIVE,INCONCLUSIVE_INSUFFICIENT_EVIDENCE,26-496,../real-machine-20260821-094227-kali-2qqYxp/ORCHESTRA_Real_Machine_Validation_2026-08-21_100242.md; ../real-machine-20260821-094227-kali-2qqYxp/FINDINGS.md,MEDIUM,"Partial evidence exists, but the exact checklist claim was not fully demonstrated."
26-497,Phase 26 — Final Acceptance,Robustness: CPU stress,PASS,PASS,26-497,../real-machine-20260821-094227-kali-2qqYxp/ORCHESTRA_Real_Machine_Validation_2026-08-21_100242.md; ../real-machine-20260821-094227-kali-2qqYxp/FINDINGS.md,INFORMATIONAL,Covered by this campaign at the stated evidence scope.
26-498,Phase 26 — Final Acceptance,memory stress,PASS,PASS,26-498,../real-machine-20260821-094227-kali-2qqYxp/ORCHESTRA_Real_Machine_Validation_2026-08-21_100242.md; ../real-machine-20260821-094227-kali-2qqYxp/FINDINGS.md,INFORMATIONAL,Covered by this campaign at the stated evidence scope.
26-499,Phase 26 — Final Acceptance,I/O stress,PASS,PASS,26-499,../real-machine-20260821-094227-kali-2qqYxp/ORCHESTRA_Real_Machine_Validation_2026-08-21_100242.md; ../real-machine-20260821-094227-kali-2qqYxp/FINDINGS.md,INFORMATIONAL,Covered by this campaign at the stated evidence scope.
26-500,Phase 26 — Final Acceptance,network stress,BLOCKED,BLOCKED_NOT_IMPLEMENTED,26-500,../real-machine-20260821-094227-kali-2qqYxp/ORCHESTRA_Real_Machine_Validation_2026-08-21_100242.md; ../real-machine-20260821-094227-kali-2qqYxp/FINDINGS.md,MEDIUM,The checked-out kernel prototype does not implement this capability; userspace or simulation evidence was not promoted.
26-501,Phase 26 — Final Acceptance,thermal stress,BLOCKED,BLOCKED_NOT_IMPLEMENTED,26-501,../real-machine-20260821-094227-kali-2qqYxp/ORCHESTRA_Real_Machine_Validation_2026-08-21_100242.md; ../real-machine-20260821-094227-kali-2qqYxp/FINDINGS.md,MEDIUM,The checked-out kernel prototype does not implement this capability; userspace or simulation evidence was not promoted.
26-502,Phase 26 — Final Acceptance,dynamic workload,BLOCKED,BLOCKED_NOT_IMPLEMENTED,26-502,../real-machine-20260821-094227-kali-2qqYxp/ORCHESTRA_Real_Machine_Validation_2026-08-21_100242.md; ../real-machine-20260821-094227-kali-2qqYxp/FINDINGS.md,MEDIUM,The checked-out kernel prototype does not implement this capability; userspace or simulation evidence was not promoted.
26-503,Phase 26 — Final Acceptance,long-duration execution,INCONCLUSIVE,INCONCLUSIVE_INSUFFICIENT_EVIDENCE,26-503,../real-machine-20260821-094227-kali-2qqYxp/ORCHESTRA_Real_Machine_Validation_2026-08-21_100242.md; ../real-machine-20260821-094227-kali-2qqYxp/FINDINGS.md,MEDIUM,"Partial evidence exists, but the exact checklist claim was not fully demonstrated."
26-504,Phase 26 — Final Acceptance,failure recovery,INCONCLUSIVE,INCONCLUSIVE_INSUFFICIENT_EVIDENCE,26-504,../real-machine-20260821-094227-kali-2qqYxp/ORCHESTRA_Real_Machine_Validation_2026-08-21_100242.md; ../real-machine-20260821-094227-kali-2qqYxp/FINDINGS.md,MEDIUM,"Partial evidence exists, but the exact checklist claim was not fully demonstrated."
26-505,Phase 26 — Final Acceptance,Security: tamper detection,BLOCKED,BLOCKED_NOT_IMPLEMENTED,26-505,../real-machine-20260821-094227-kali-2qqYxp/ORCHESTRA_Real_Machine_Validation_2026-08-21_100242.md; ../real-machine-20260821-094227-kali-2qqYxp/FINDINGS.md,MEDIUM,The checked-out kernel prototype does not implement this capability; userspace or simulation evidence was not promoted.
26-506,Phase 26 — Final Acceptance,replay rejection,BLOCKED,BLOCKED_NOT_IMPLEMENTED,26-506,../real-machine-20260821-094227-kali-2qqYxp/ORCHESTRA_Real_Machine_Validation_2026-08-21_100242.md; ../real-machine-20260821-094227-kali-2qqYxp/FINDINGS.md,MEDIUM,The checked-out kernel prototype does not implement this capability; userspace or simulation evidence was not promoted.
26-507,Phase 26 — Final Acceptance,stale-frame rejection,BLOCKED,BLOCKED_NOT_IMPLEMENTED,26-507,../real-machine-20260821-094227-kali-2qqYxp/ORCHESTRA_Real_Machine_Validation_2026-08-21_100242.md; ../real-machine-20260821-094227-kali-2qqYxp/FINDINGS.md,MEDIUM,The checked-out kernel prototype does not implement this capability; userspace or simulation evidence was not promoted.
26-508,Phase 26 — Final Acceptance,sequence validation,BLOCKED,BLOCKED_NOT_IMPLEMENTED,26-508,../real-machine-20260821-094227-kali-2qqYxp/ORCHESTRA_Real_Machine_Validation_2026-08-21_100242.md; ../real-machine-20260821-094227-kali-2qqYxp/FINDINGS.md,MEDIUM,The checked-out kernel prototype does not implement this capability; userspace or simulation evidence was not promoted.
26-509,Phase 26 — Final Acceptance,authentication validation,BLOCKED,BLOCKED_NOT_IMPLEMENTED,26-509,../real-machine-20260821-094227-kali-2qqYxp/ORCHESTRA_Real_Machine_Validation_2026-08-21_100242.md; ../real-machine-20260821-094227-kali-2qqYxp/FINDINGS.md,MEDIUM,The checked-out kernel prototype does not implement this capability; userspace or simulation evidence was not promoted.
26-510,Phase 26 — Final Acceptance,safe fallback,BLOCKED,BLOCKED_MISSING_TOOL,26-510,../real-machine-20260821-094227-kali-2qqYxp/ORCHESTRA_Real_Machine_Validation_2026-08-21_100242.md; ../real-machine-20260821-094227-kali-2qqYxp/FINDINGS.md,LOW,"Not executed: safe ownership-validating infrastructure, exact feature implementation, or required tool was unavailable."
26-511,Phase 26 — Final Acceptance,recovery,BLOCKED,BLOCKED_MISSING_TOOL,26-511,../real-machine-20260821-094227-kali-2qqYxp/ORCHESTRA_Real_Machine_Validation_2026-08-21_100242.md; ../real-machine-20260821-094227-kali-2qqYxp/FINDINGS.md,LOW,"Not executed: safe ownership-validating infrastructure, exact feature implementation, or required tool was unavailable."
26-512,Phase 26 — Final Acceptance,Scientific evidence: baseline comparison,PASS,PASS,26-512,../real-machine-20260821-094227-kali-2qqYxp/ORCHESTRA_Real_Machine_Validation_2026-08-21_100242.md; ../real-machine-20260821-094227-kali-2qqYxp/FINDINGS.md,INFORMATIONAL,Covered by this campaign at the stated evidence scope.
26-513,Phase 26 — Final Acceptance,repeated trials,PASS,PASS,26-513,../real-machine-20260821-094227-kali-2qqYxp/ORCHESTRA_Real_Machine_Validation_2026-08-21_100242.md; ../real-machine-20260821-094227-kali-2qqYxp/FINDINGS.md,INFORMATIONAL,Covered by this campaign at the stated evidence scope.
26-514,Phase 26 — Final Acceptance,multi-seed evaluation,BLOCKED,BLOCKED_NOT_IMPLEMENTED,26-514,../real-machine-20260821-094227-kali-2qqYxp/ORCHESTRA_Real_Machine_Validation_2026-08-21_100242.md; ../real-machine-20260821-094227-kali-2qqYxp/FINDINGS.md,MEDIUM,The checked-out kernel prototype does not implement this capability; userspace or simulation evidence was not promoted.
26-515,Phase 26 — Final Acceptance,statistical analysis,INCONCLUSIVE,INCONCLUSIVE_INSUFFICIENT_EVIDENCE,26-515,../real-machine-20260821-094227-kali-2qqYxp/ORCHESTRA_Real_Machine_Validation_2026-08-21_100242.md; ../real-machine-20260821-094227-kali-2qqYxp/FINDINGS.md,MEDIUM,"Partial evidence exists, but the exact checklist claim was not fully demonstrated."
26-516,Phase 26 — Final Acceptance,ablation study,BLOCKED,BLOCKED_NOT_IMPLEMENTED,26-516,../real-machine-20260821-094227-kali-2qqYxp/ORCHESTRA_Real_Machine_Validation_2026-08-21_100242.md; ../real-machine-20260821-094227-kali-2qqYxp/FINDINGS.md,MEDIUM,The checked-out kernel prototype does not implement this capability; userspace or simulation evidence was not promoted.
26-517,Phase 26 — Final Acceptance,raw dataset archived,PASS,PASS,26-517,../real-machine-20260821-094227-kali-2qqYxp/ORCHESTRA_Real_Machine_Validation_2026-08-21_100242.md; ../real-machine-20260821-094227-kali-2qqYxp/FINDINGS.md,INFORMATIONAL,Covered by this campaign at the stated evidence scope.
26-518,Phase 26 — Final Acceptance,logs archived,PASS,PASS,26-518,../real-machine-20260821-094227-kali-2qqYxp/ORCHESTRA_Real_Machine_Validation_2026-08-21_100242.md; ../real-machine-20260821-094227-kali-2qqYxp/FINDINGS.md,INFORMATIONAL,Covered by this campaign at the stated evidence scope.
26-519,Phase 26 — Final Acceptance,reproduction procedure documented,PASS,PASS,26-519,../real-machine-20260821-094227-kali-2qqYxp/ORCHESTRA_Real_Machine_Validation_2026-08-21_100242.md; ../real-machine-20260821-094227-kali-2qqYxp/FINDINGS.md,INFORMATIONAL,Covered by this campaign at the stated evidence scope.
